"","max iteration times","p_Z","gamma","heterogeneity","n_0","n_1","inter_ratio","inter_strength","alpha_modifier","eta_modifier","method","index","num"
"1",5,3,0,1,2000,2000,1,1,0,1,"IVW","Bias",-0.410141755959905
"2",5,3,0,1,2000,2000,1,1,0,1,"Egger","Bias",-0.456702693327213
"3",5,3,0,1,2000,2000,1,1,0,1,"Weighted median","Bias",-0.419970459172312
"4",5,3,0,1,2000,2000,1,1,0,1,"Weighted mode","Bias",-0.398233919096024
"5",5,3,0,1,2000,2000,1,1,0,1,"MR-RAPS","Bias",-0.4092629953954
"6",5,3,0,1,2000,2000,1,1,0,1,"Contamination Mixture","Bias",-0.410505628352232
"7",5,3,0,1,2000,2000,1,1,0,1,"MR-Robust","Bias",-0.41047521749946
"8",5,3,0,1,2000,2000,1,1,0,1,"MR-Lasso","Bias",-0.410141755959905
"9",5,3,0,1,2000,2000,1,1,0,1,"Trans-OR","Bias",0.0217440820513789
"10",5,3,0,1,2000,2000,1,1,0,1,"Trans-IPW","Bias",0.00250372523383071
"11",5,3,0,1,2000,2000,1,1,0,1,"Trans-AIPW","Bias",0.00250372523383078
"12",5,3,0,1,2000,2000,1,1,0,1,"IVW","SD",0.0364623730391494
"13",5,3,0,1,2000,2000,1,1,0,1,"Egger","SD",0.128256677323238
"14",5,3,0,1,2000,2000,1,1,0,1,"Weighted median","SD",0.0385063305401916
"15",5,3,0,1,2000,2000,1,1,0,1,"Weighted mode","SD",0.0240593057365768
"16",5,3,0,1,2000,2000,1,1,0,1,"MR-RAPS","SD",0.0311435341385383
"17",5,3,0,1,2000,2000,1,1,0,1,"Contamination Mixture","SD",0.0370138517395778
"18",5,3,0,1,2000,2000,1,1,0,1,"MR-Robust","SD",0.036480774465574
"19",5,3,0,1,2000,2000,1,1,0,1,"MR-Lasso","SD",0.0364623730391494
"20",5,3,0,1,2000,2000,1,1,0,1,"Trans-OR","SD",0.0897841806151261
"21",5,3,0,1,2000,2000,1,1,0,1,"Trans-IPW","SD",0.0635722925437159
"22",5,3,0,1,2000,2000,1,1,0,1,"Trans-AIPW","SD",0.0635722925437159
"23",5,3,0,1,2000,2000,1,1,0,1,"IVW","MSE",0.16954576462952
"24",5,3,0,1,2000,2000,1,1,0,1,"Egger","MSE",0.225027125370327
"25",5,3,0,1,2000,2000,1,1,0,1,"Weighted median","MSE",0.177857924069073
"26",5,3,0,1,2000,2000,1,1,0,1,"Weighted mode","MSE",0.159169104511105
"27",5,3,0,1,2000,2000,1,1,0,1,"MR-RAPS","MSE",0.168466119118654
"28",5,3,0,1,2000,2000,1,1,0,1,"Contamination Mixture","MSE",0.16988489612946
"29",5,3,0,1,2000,2000,1,1,0,1,"MR-Robust","MSE",0.169820751086837
"30",5,3,0,1,2000,2000,1,1,0,1,"MR-Lasso","MSE",0.16954576462952
"31",5,3,0,1,2000,2000,1,1,0,1,"Trans-OR","MSE",0.00853400419298668
"32",5,3,0,1,2000,2000,1,1,0,1,"Trans-IPW","MSE",0.00404770501931031
"33",5,3,0,1,2000,2000,1,1,0,1,"Trans-AIPW","MSE",0.00404770501931032
"34",5,3,0,1,4000,4000,1,1,0,1,"IVW","Bias",-0.414682892243779
"35",5,3,0,1,4000,4000,1,1,0,1,"Egger","Bias",-0.424033869356537
"36",5,3,0,1,4000,4000,1,1,0,1,"Weighted median","Bias",-0.418401618982097
"37",5,3,0,1,4000,4000,1,1,0,1,"Weighted mode","Bias",-0.423614535970503
"38",5,3,0,1,4000,4000,1,1,0,1,"MR-RAPS","Bias",-0.414940626369325
"39",5,3,0,1,4000,4000,1,1,0,1,"Contamination Mixture","Bias",-0.413391345241863
"40",5,3,0,1,4000,4000,1,1,0,1,"MR-Robust","Bias",-0.414997309288012
"41",5,3,0,1,4000,4000,1,1,0,1,"MR-Lasso","Bias",-0.414682892243779
"42",5,3,0,1,4000,4000,1,1,0,1,"Trans-OR","Bias",0.0110764189718777
"43",5,3,0,1,4000,4000,1,1,0,1,"Trans-IPW","Bias",0.00563377971565195
"44",5,3,0,1,4000,4000,1,1,0,1,"Trans-AIPW","Bias",0.005633779715652
"45",5,3,0,1,4000,4000,1,1,0,1,"IVW","SD",0.0316139765180675
"46",5,3,0,1,4000,4000,1,1,0,1,"Egger","SD",0.11156350133688
"47",5,3,0,1,4000,4000,1,1,0,1,"Weighted median","SD",0.0308687248718201
"48",5,3,0,1,4000,4000,1,1,0,1,"Weighted mode","SD",0.0322830441727045
"49",5,3,0,1,4000,4000,1,1,0,1,"MR-RAPS","SD",0.031369725254846
"50",5,3,0,1,4000,4000,1,1,0,1,"Contamination Mixture","SD",0.0304840135352818
"51",5,3,0,1,4000,4000,1,1,0,1,"MR-Robust","SD",0.0315366476188584
"52",5,3,0,1,4000,4000,1,1,0,1,"MR-Lasso","SD",0.0316139765180676
"53",5,3,0,1,4000,4000,1,1,0,1,"Trans-OR","SD",0.0377108146358461
"54",5,3,0,1,4000,4000,1,1,0,1,"Trans-IPW","SD",0.0373865914777089
"55",5,3,0,1,4000,4000,1,1,0,1,"Trans-AIPW","SD",0.0373865914777087
"56",5,3,0,1,4000,4000,1,1,0,1,"IVW","MSE",0.172961344630951
"57",5,3,0,1,4000,4000,1,1,0,1,"Egger","MSE",0.192251137192021
"58",5,3,0,1,4000,4000,1,1,0,1,"Weighted median","MSE",0.176012792942052
"59",5,3,0,1,4000,4000,1,1,0,1,"Weighted mode","MSE",0.180491470026562
"60",5,3,0,1,4000,4000,1,1,0,1,"MR-RAPS","MSE",0.173159783074332
"61",5,3,0,1,4000,4000,1,1,0,1,"Contamination Mixture","MSE",0.171821679402096
"62",5,3,0,1,4000,4000,1,1,0,1,"MR-Robust","MSE",0.173217326859326
"63",5,3,0,1,4000,4000,1,1,0,1,"MR-Lasso","MSE",0.172961344630951
"64",5,3,0,1,4000,4000,1,1,0,1,"Trans-OR","MSE",0.00154479259773972
"65",5,3,0,1,4000,4000,1,1,0,1,"Trans-IPW","MSE",0.00142949669620559
"66",5,3,0,1,4000,4000,1,1,0,1,"Trans-AIPW","MSE",0.00142949669620557
"67",5,3,0,1,6000,6000,1,1,0,1,"IVW","Bias",-0.415905681043961
"68",5,3,0,1,6000,6000,1,1,0,1,"Egger","Bias",-0.334772030779167
"69",5,3,0,1,6000,6000,1,1,0,1,"Weighted median","Bias",-0.416043639738193
"70",5,3,0,1,6000,6000,1,1,0,1,"Weighted mode","Bias",-0.407457457250001
"71",5,3,0,1,6000,6000,1,1,0,1,"MR-RAPS","Bias",-0.414222781522375
"72",5,3,0,1,6000,6000,1,1,0,1,"Contamination Mixture","Bias",-0.413453857480903
"73",5,3,0,1,6000,6000,1,1,0,1,"MR-Robust","Bias",-0.423000924826958
"74",5,3,0,1,6000,6000,1,1,0,1,"MR-Lasso","Bias",-0.415905681043961
"75",5,3,0,1,6000,6000,1,1,0,1,"Trans-OR","Bias",-0.00350991475146034
"76",5,3,0,1,6000,6000,1,1,0,1,"Trans-IPW","Bias",-0.00843126729334462
"77",5,3,0,1,6000,6000,1,1,0,1,"Trans-AIPW","Bias",-0.00843126729334505
"78",5,3,0,1,6000,6000,1,1,0,1,"IVW","SD",0.0133162194520859
"79",5,3,0,1,6000,6000,1,1,0,1,"Egger","SD",0.0768392691717785
"80",5,3,0,1,6000,6000,1,1,0,1,"Weighted median","SD",0.0119135187469185
"81",5,3,0,1,6000,6000,1,1,0,1,"Weighted mode","SD",0.019102462735865
"82",5,3,0,1,6000,6000,1,1,0,1,"MR-RAPS","SD",0.0105476589868958
"83",5,3,0,1,6000,6000,1,1,0,1,"Contamination Mixture","SD",0.013558684980069
"84",5,3,0,1,6000,6000,1,1,0,1,"MR-Robust","SD",0.0180723224498295
"85",5,3,0,1,6000,6000,1,1,0,1,"MR-Lasso","SD",0.0133162194520859
"86",5,3,0,1,6000,6000,1,1,0,1,"Trans-OR","SD",0.0355041525712696
"87",5,3,0,1,6000,6000,1,1,0,1,"Trans-IPW","SD",0.0330155344068736
"88",5,3,0,1,6000,6000,1,1,0,1,"Trans-AIPW","SD",0.0330155344068732
"89",5,3,0,1,6000,6000,1,1,0,1,"IVW","MSE",0.173154857225137
"90",5,3,0,1,6000,6000,1,1,0,1,"Egger","MSE",0.117976585878861
"91",5,3,0,1,6000,6000,1,1,0,1,"Weighted median","MSE",0.173234242095537
"92",5,3,0,1,6000,6000,1,1,0,1,"Weighted mode","MSE",0.166386483551212
"93",5,3,0,1,6000,6000,1,1,0,1,"MR-RAPS","MSE",0.171691765842237
"94",5,3,0,1,6000,6000,1,1,0,1,"Contamination Mixture","MSE",0.171127930204227
"95",5,3,0,1,6000,6000,1,1,0,1,"MR-Robust","MSE",0.179256391243192
"96",5,3,0,1,6000,6000,1,1,0,1,"MR-Lasso","MSE",0.173154857225137
"97",5,3,0,1,6000,6000,1,1,0,1,"Trans-OR","MSE",0.00127286435136651
"98",5,3,0,1,6000,6000,1,1,0,1,"Trans-IPW","MSE",0.00116111178034328
"99",5,3,0,1,6000,6000,1,1,0,1,"Trans-AIPW","MSE",0.00116111178034326
"100",5,3,0,1,8000,8000,1,1,0,1,"IVW","Bias",-0.427718147638457
"101",5,3,0,1,8000,8000,1,1,0,1,"Egger","Bias",-0.431289972710632
"102",5,3,0,1,8000,8000,1,1,0,1,"Weighted median","Bias",-0.42677537796108
"103",5,3,0,1,8000,8000,1,1,0,1,"Weighted mode","Bias",-0.422499308497695
"104",5,3,0,1,8000,8000,1,1,0,1,"MR-RAPS","Bias",-0.42697366336015
"105",5,3,0,1,8000,8000,1,1,0,1,"Contamination Mixture","Bias",-0.43010505493111
"106",5,3,0,1,8000,8000,1,1,0,1,"MR-Robust","Bias",-0.426933548416192
"107",5,3,0,1,8000,8000,1,1,0,1,"MR-Lasso","Bias",-0.427718147638457
"108",5,3,0,1,8000,8000,1,1,0,1,"Trans-OR","Bias",-0.017964928734607
"109",5,3,0,1,8000,8000,1,1,0,1,"Trans-IPW","Bias",-0.0228503331584336
"110",5,3,0,1,8000,8000,1,1,0,1,"Trans-AIPW","Bias",-0.0228503331584336
"111",5,3,0,1,8000,8000,1,1,0,1,"IVW","SD",0.0190292850528109
"112",5,3,0,1,8000,8000,1,1,0,1,"Egger","SD",0.0488057225803994
"113",5,3,0,1,8000,8000,1,1,0,1,"Weighted median","SD",0.0172330297850974
"114",5,3,0,1,8000,8000,1,1,0,1,"Weighted mode","SD",0.0113354614424122
"115",5,3,0,1,8000,8000,1,1,0,1,"MR-RAPS","SD",0.018445089023057
"116",5,3,0,1,8000,8000,1,1,0,1,"Contamination Mixture","SD",0.0172206936294075
"117",5,3,0,1,8000,8000,1,1,0,1,"MR-Robust","SD",0.0189575244620153
"118",5,3,0,1,8000,8000,1,1,0,1,"MR-Lasso","SD",0.0190292850528109
"119",5,3,0,1,8000,8000,1,1,0,1,"Trans-OR","SD",0.0108159147074056
"120",5,3,0,1,8000,8000,1,1,0,1,"Trans-IPW","SD",0.0114155351734257
"121",5,3,0,1,8000,8000,1,1,0,1,"Trans-AIPW","SD",0.0114155351734256
"122",5,3,0,1,8000,8000,1,1,0,1,"IVW","MSE",0.183304927508894
"123",5,3,0,1,8000,8000,1,1,0,1,"Egger","MSE",0.188393039117332
"124",5,3,0,1,8000,8000,1,1,0,1,"Weighted median","MSE",0.182434200549397
"125",5,3,0,1,8000,8000,1,1,0,1,"Weighted mode","MSE",0.178634158367143
"126",5,3,0,1,8000,8000,1,1,0,1,"MR-RAPS","MSE",0.182646730512255
"127",5,3,0,1,8000,8000,1,1,0,1,"Contamination Mixture","MSE",0.185286910566371
"128",5,3,0,1,8000,8000,1,1,0,1,"MR-Robust","MSE",0.182631642496969
"129",5,3,0,1,8000,8000,1,1,0,1,"MR-Lasso","MSE",0.183304927508894
"130",5,3,0,1,8000,8000,1,1,0,1,"Trans-OR","MSE",0.000439722675397381
"131",5,3,0,1,8000,8000,1,1,0,1,"Trans-IPW","MSE",0.000652452168747127
"132",5,3,0,1,8000,8000,1,1,0,1,"Trans-AIPW","MSE",0.000652452168747127
"133",5,3,0,1,10000,10000,1,1,0,1,"IVW","Bias",-0.419699508712604
"134",5,3,0,1,10000,10000,1,1,0,1,"Egger","Bias",-0.365767951037626
"135",5,3,0,1,10000,10000,1,1,0,1,"Weighted median","Bias",-0.419264639070392
"136",5,3,0,1,10000,10000,1,1,0,1,"Weighted mode","Bias",-0.419142231523422
"137",5,3,0,1,10000,10000,1,1,0,1,"MR-RAPS","Bias",-0.419769812356523
"138",5,3,0,1,10000,10000,1,1,0,1,"Contamination Mixture","Bias",-0.418652305071263
"139",5,3,0,1,10000,10000,1,1,0,1,"MR-Robust","Bias",-0.419673071649953
"140",5,3,0,1,10000,10000,1,1,0,1,"MR-Lasso","Bias",-0.419699508712604
"141",5,3,0,1,10000,10000,1,1,0,1,"Trans-OR","Bias",0.00136171418198345
"142",5,3,0,1,10000,10000,1,1,0,1,"Trans-IPW","Bias",-0.00448789144684658
"143",5,3,0,1,10000,10000,1,1,0,1,"Trans-AIPW","Bias",-0.00448789144684676
"144",5,3,0,1,10000,10000,1,1,0,1,"IVW","SD",0.0210044067201252
"145",5,3,0,1,10000,10000,1,1,0,1,"Egger","SD",0.090312583308723
"146",5,3,0,1,10000,10000,1,1,0,1,"Weighted median","SD",0.0251392052022838
"147",5,3,0,1,10000,10000,1,1,0,1,"Weighted mode","SD",0.0270153300493195
"148",5,3,0,1,10000,10000,1,1,0,1,"MR-RAPS","SD",0.0210714347061197
"149",5,3,0,1,10000,10000,1,1,0,1,"Contamination Mixture","SD",0.0223183905281964
"150",5,3,0,1,10000,10000,1,1,0,1,"MR-Robust","SD",0.0213556183828964
"151",5,3,0,1,10000,10000,1,1,0,1,"MR-Lasso","SD",0.0210044067201253
"152",5,3,0,1,10000,10000,1,1,0,1,"Trans-OR","SD",0.0314253706627857
"153",5,3,0,1,10000,10000,1,1,0,1,"Trans-IPW","SD",0.0256478694680444
"154",5,3,0,1,10000,10000,1,1,0,1,"Trans-AIPW","SD",0.0256478694680443
"155",5,3,0,1,10000,10000,1,1,0,1,"IVW","MSE",0.176588862715265
"156",5,3,0,1,10000,10000,1,1,0,1,"Egger","MSE",0.141942556710158
"157",5,3,0,1,10000,10000,1,1,0,1,"Weighted median","MSE",0.176414817213028
"158",5,3,0,1,10000,10000,1,1,0,1,"Weighted mode","MSE",0.176410038304108
"159",5,3,0,1,10000,10000,1,1,0,1,"MR-RAPS","MSE",0.176650700726405
"160",5,3,0,1,10000,10000,1,1,0,1,"Contamination Mixture","MSE",0.175767863097251
"161",5,3,0,1,10000,10000,1,1,0,1,"MR-Robust","MSE",0.176581549504623
"162",5,3,0,1,10000,10000,1,1,0,1,"MR-Lasso","MSE",0.176588862715265
"163",5,3,0,1,10000,10000,1,1,0,1,"Trans-OR","MSE",0.000989408186806888
"164",5,3,0,1,10000,10000,1,1,0,1,"Trans-IPW","MSE",0.000677954377888521
"165",5,3,0,1,10000,10000,1,1,0,1,"Trans-AIPW","MSE",0.000677954377888518
"166",5,3,0,0,12000,12000,1,1,0,1,"IVW","Bias",0.00855269458273611
"167",5,3,0,0,12000,12000,1,1,0,1,"Egger","Bias",0.0329884409898936
"168",5,3,0,0,12000,12000,1,1,0,1,"Weighted median","Bias",0.00395075372496889
"169",5,3,0,0,12000,12000,1,1,0,1,"Weighted mode","Bias",0.00621240126565434
"170",5,3,0,0,12000,12000,1,1,0,1,"MR-RAPS","Bias",0.00738425844970854
"171",5,3,0,0,12000,12000,1,1,0,1,"Contamination Mixture","Bias",0.00800340488381168
"172",5,3,0,0,12000,12000,1,1,0,1,"MR-Robust","Bias",0.00820870761168699
"173",5,3,0,0,12000,12000,1,1,0,1,"MR-Lasso","Bias",0.00855269458273602
"174",5,3,0,0,12000,12000,1,1,0,1,"Trans-OR","Bias",0.00784994732310793
"175",5,3,0,0,12000,12000,1,1,0,1,"Trans-IPW","Bias",0.00489761749056636
"176",5,3,0,0,12000,12000,1,1,0,1,"Trans-AIPW","Bias",0.00489761749056634
"177",5,3,0,0,12000,12000,1,1,0,1,"IVW","SD",0.0206395427329048
"178",5,3,0,0,12000,12000,1,1,0,1,"Egger","SD",0.0843814196557345
"179",5,3,0,0,12000,12000,1,1,0,1,"Weighted median","SD",0.0196041535140548
"180",5,3,0,0,12000,12000,1,1,0,1,"Weighted mode","SD",0.0197388606106645
"181",5,3,0,0,12000,12000,1,1,0,1,"MR-RAPS","SD",0.0201363845352808
"182",5,3,0,0,12000,12000,1,1,0,1,"Contamination Mixture","SD",0.0226102827079112
"183",5,3,0,0,12000,12000,1,1,0,1,"MR-Robust","SD",0.0204713059494102
"184",5,3,0,0,12000,12000,1,1,0,1,"MR-Lasso","SD",0.0206395427329048
"185",5,3,0,0,12000,12000,1,1,0,1,"Trans-OR","SD",0.0172146631066175
"186",5,3,0,0,12000,12000,1,1,0,1,"Trans-IPW","SD",0.0177344417888671
"187",5,3,0,0,12000,12000,1,1,0,1,"Trans-AIPW","SD",0.0177344417888671
"188",5,3,0,0,12000,12000,1,1,0,1,"IVW","MSE",0.000499139308848966
"189",5,3,0,0,12000,12000,1,1,0,1,"Egger","MSE",0.00820846122206086
"190",5,3,0,0,12000,12000,1,1,0,1,"Weighted median","MSE",0.000399931289997985
"191",5,3,0,0,12000,12000,1,1,0,1,"Weighted mode","MSE",0.000428216547692747
"192",5,3,0,0,12000,12000,1,1,0,1,"MR-RAPS","MSE",0.000460001255004788
"193",5,3,0,0,12000,12000,1,1,0,1,"Contamination Mixture","MSE",0.00057527937386589
"194",5,3,0,0,12000,12000,1,1,0,1,"MR-Robust","MSE",0.000486457247928526
"195",5,3,0,0,12000,12000,1,1,0,1,"MR-Lasso","MSE",0.000499139308848967
"196",5,3,0,0,12000,12000,1,1,0,1,"Trans-OR","MSE",0.000357966298849908
"197",5,3,0,0,12000,12000,1,1,0,1,"Trans-IPW","MSE",0.000338497082646619
"198",5,3,0,0,12000,12000,1,1,0,1,"Trans-AIPW","MSE",0.000338497082646617
"199",5,3,0,0.2,12000,12000,1,1,0,1,"IVW","Bias",-0.0789692792860627
"200",5,3,0,0.2,12000,12000,1,1,0,1,"Egger","Bias",-0.0373879989368901
"201",5,3,0,0.2,12000,12000,1,1,0,1,"Weighted median","Bias",-0.0836074521272558
"202",5,3,0,0.2,12000,12000,1,1,0,1,"Weighted mode","Bias",-0.0817012708785014
"203",5,3,0,0.2,12000,12000,1,1,0,1,"MR-RAPS","Bias",-0.0806201980761064
"204",5,3,0,0.2,12000,12000,1,1,0,1,"Contamination Mixture","Bias",-0.0792469324518697
"205",5,3,0,0.2,12000,12000,1,1,0,1,"MR-Robust","Bias",-0.0798536079218221
"206",5,3,0,0.2,12000,12000,1,1,0,1,"MR-Lasso","Bias",-0.0789692792860627
"207",5,3,0,0.2,12000,12000,1,1,0,1,"Trans-OR","Bias",0.0086843919530734
"208",5,3,0,0.2,12000,12000,1,1,0,1,"Trans-IPW","Bias",0.00508603344195726
"209",5,3,0,0.2,12000,12000,1,1,0,1,"Trans-AIPW","Bias",0.00508603344195677
"210",5,3,0,0.2,12000,12000,1,1,0,1,"IVW","SD",0.0189480364640691
"211",5,3,0,0.2,12000,12000,1,1,0,1,"Egger","SD",0.0722019782082497
"212",5,3,0,0.2,12000,12000,1,1,0,1,"Weighted median","SD",0.0174494342381832
"213",5,3,0,0.2,12000,12000,1,1,0,1,"Weighted mode","SD",0.0160922216840865
"214",5,3,0,0.2,12000,12000,1,1,0,1,"MR-RAPS","SD",0.0185322865914068
"215",5,3,0,0.2,12000,12000,1,1,0,1,"Contamination Mixture","SD",0.0168540950681251
"216",5,3,0,0.2,12000,12000,1,1,0,1,"MR-Robust","SD",0.0189572591412516
"217",5,3,0,0.2,12000,12000,1,1,0,1,"MR-Lasso","SD",0.0189480364640691
"218",5,3,0,0.2,12000,12000,1,1,0,1,"Trans-OR","SD",0.017875228248405
"219",5,3,0,0.2,12000,12000,1,1,0,1,"Trans-IPW","SD",0.0202695092258366
"220",5,3,0,0.2,12000,12000,1,1,0,1,"Trans-AIPW","SD",0.0202695092258372
"221",5,3,0,0.2,12000,12000,1,1,0,1,"IVW","MSE",0.00659517515680386
"222",5,3,0,0.2,12000,12000,1,1,0,1,"Egger","MSE",0.00661098812168946
"223",5,3,0,0.2,12000,12000,1,1,0,1,"Weighted median","MSE",0.00729468880644405
"224",5,3,0,0.2,12000,12000,1,1,0,1,"Weighted mode","MSE",0.00693405726189205
"225",5,3,0,0.2,12000,12000,1,1,0,1,"MR-RAPS","MSE",0.00684306198413667
"226",5,3,0,0.2,12000,12000,1,1,0,1,"Contamination Mixture","MSE",0.0065641368235966
"227",5,3,0,0.2,12000,12000,1,1,0,1,"MR-Robust","MSE",0.00673597637228065
"228",5,3,0,0.2,12000,12000,1,1,0,1,"MR-Lasso","MSE",0.00659517515680386
"229",5,3,0,0.2,12000,12000,1,1,0,1,"Trans-OR","MSE",0.000394942448527184
"230",5,3,0,0.2,12000,12000,1,1,0,1,"Trans-IPW","MSE",0.000436720740428984
"231",5,3,0,0.2,12000,12000,1,1,0,1,"Trans-AIPW","MSE",0.000436720740429004
"232",5,3,0,0.4,12000,12000,1,1,0,1,"IVW","Bias",-0.165958049902057
"233",5,3,0,0.4,12000,12000,1,1,0,1,"Egger","Bias",-0.132535546422912
"234",5,3,0,0.4,12000,12000,1,1,0,1,"Weighted median","Bias",-0.169149594621365
"235",5,3,0,0.4,12000,12000,1,1,0,1,"Weighted mode","Bias",-0.168002915895607
"236",5,3,0,0.4,12000,12000,1,1,0,1,"MR-RAPS","Bias",-0.166987911972962
"237",5,3,0,0.4,12000,12000,1,1,0,1,"Contamination Mixture","Bias",-0.16632624461681
"238",5,3,0,0.4,12000,12000,1,1,0,1,"MR-Robust","Bias",-0.166482163566669
"239",5,3,0,0.4,12000,12000,1,1,0,1,"MR-Lasso","Bias",-0.170490776642447
"240",5,3,0,0.4,12000,12000,1,1,0,1,"Trans-OR","Bias",0.00724802665976336
"241",5,3,0,0.4,12000,12000,1,1,0,1,"Trans-IPW","Bias",0.00297567077046399
"242",5,3,0,0.4,12000,12000,1,1,0,1,"Trans-AIPW","Bias",0.00297567077046406
"243",5,3,0,0.4,12000,12000,1,1,0,1,"IVW","SD",0.016727087635517
"244",5,3,0,0.4,12000,12000,1,1,0,1,"Egger","SD",0.0804527004522692
"245",5,3,0,0.4,12000,12000,1,1,0,1,"Weighted median","SD",0.0165648547160555
"246",5,3,0,0.4,12000,12000,1,1,0,1,"Weighted mode","SD",0.0175970847710746
"247",5,3,0,0.4,12000,12000,1,1,0,1,"MR-RAPS","SD",0.016776279764593
"248",5,3,0,0.4,12000,12000,1,1,0,1,"Contamination Mixture","SD",0.0156442784541015
"249",5,3,0,0.4,12000,12000,1,1,0,1,"MR-Robust","SD",0.0166809758361882
"250",5,3,0,0.4,12000,12000,1,1,0,1,"MR-Lasso","SD",0.0208460254824418
"251",5,3,0,0.4,12000,12000,1,1,0,1,"Trans-OR","SD",0.0168876733571587
"252",5,3,0,0.4,12000,12000,1,1,0,1,"Trans-IPW","SD",0.0196453614918317
"253",5,3,0,0.4,12000,12000,1,1,0,1,"Trans-AIPW","SD",0.0196453614918316
"254",5,3,0,0.4,12000,12000,1,1,0,1,"IVW","MSE",0.0278218697880598
"255",5,3,0,0.4,12000,12000,1,1,0,1,"Egger","MSE",0.0240383080756823
"256",5,3,0,0.4,12000,12000,1,1,0,1,"Weighted median","MSE",0.0288859797723362
"257",5,3,0,0.4,12000,12000,1,1,0,1,"Weighted mode","MSE",0.0285346371418666
"258",5,3,0,0.4,12000,12000,1,1,0,1,"MR-RAPS","MSE",0.0281664063078296
"259",5,3,0,0.4,12000,12000,1,1,0,1,"Contamination Mixture","MSE",0.0279091630966804
"260",5,3,0,0.4,12000,12000,1,1,0,1,"MR-Robust","MSE",0.0279945657406866
"261",5,3,0,0.4,12000,12000,1,1,0,1,"MR-Lasso","MSE",0.0295016616985594
"262",5,3,0,0.4,12000,12000,1,1,0,1,"Trans-OR","MSE",0.00033772740187873
"263",5,3,0,0.4,12000,12000,1,1,0,1,"Trans-IPW","MSE",0.000394794844678936
"264",5,3,0,0.4,12000,12000,1,1,0,1,"Trans-AIPW","MSE",0.000394794844678933
"265",5,3,0,0.6,12000,12000,1,1,0,1,"IVW","Bias",-0.242914321663292
"266",5,3,0,0.6,12000,12000,1,1,0,1,"Egger","Bias",-0.16664035384357
"267",5,3,0,0.6,12000,12000,1,1,0,1,"Weighted median","Bias",-0.240979325863823
"268",5,3,0,0.6,12000,12000,1,1,0,1,"Weighted mode","Bias",-0.240409299632221
"269",5,3,0,0.6,12000,12000,1,1,0,1,"MR-RAPS","Bias",-0.242476002883988
"270",5,3,0,0.6,12000,12000,1,1,0,1,"Contamination Mixture","Bias",-0.244271048536717
"271",5,3,0,0.6,12000,12000,1,1,0,1,"MR-Robust","Bias",-0.242727915903234
"272",5,3,0,0.6,12000,12000,1,1,0,1,"MR-Lasso","Bias",-0.242914321663292
"273",5,3,0,0.6,12000,12000,1,1,0,1,"Trans-OR","Bias",0.00631606396836679
"274",5,3,0,0.6,12000,12000,1,1,0,1,"Trans-IPW","Bias",0.00139020390946236
"275",5,3,0,0.6,12000,12000,1,1,0,1,"Trans-AIPW","Bias",0.00139020390946227
"276",5,3,0,0.6,12000,12000,1,1,0,1,"IVW","SD",0.01072691001375
"277",5,3,0,0.6,12000,12000,1,1,0,1,"Egger","SD",0.0616697988934721
"278",5,3,0,0.6,12000,12000,1,1,0,1,"Weighted median","SD",0.00949253143794176
"279",5,3,0,0.6,12000,12000,1,1,0,1,"Weighted mode","SD",0.0101561517283465
"280",5,3,0,0.6,12000,12000,1,1,0,1,"MR-RAPS","SD",0.0103715813183452
"281",5,3,0,0.6,12000,12000,1,1,0,1,"Contamination Mixture","SD",0.0104688581793324
"282",5,3,0,0.6,12000,12000,1,1,0,1,"MR-Robust","SD",0.0105441498632981
"283",5,3,0,0.6,12000,12000,1,1,0,1,"MR-Lasso","SD",0.01072691001375
"284",5,3,0,0.6,12000,12000,1,1,0,1,"Trans-OR","SD",0.00445717630838103
"285",5,3,0,0.6,12000,12000,1,1,0,1,"Trans-IPW","SD",0.00850653365983461
"286",5,3,0,0.6,12000,12000,1,1,0,1,"Trans-AIPW","SD",0.00850653365983444
"287",5,3,0,0.6,12000,12000,1,1,0,1,"IVW","MSE",0.0591224342675802
"288",5,3,0,0.6,12000,12000,1,1,0,1,"Egger","MSE",0.0315721716246715
"289",5,3,0,0.6,12000,12000,1,1,0,1,"Weighted median","MSE",0.0581611436468828
"290",5,3,0,0.6,12000,12000,1,1,0,1,"Weighted mode","MSE",0.0578997787675844
"291",5,3,0,0.6,12000,12000,1,1,0,1,"MR-RAPS","MSE",0.0589021816736388
"292",5,3,0,0.6,12000,12000,1,1,0,1,"Contamination Mixture","MSE",0.0597779421448061
"293",5,3,0,0.6,12000,12000,1,1,0,1,"MR-Robust","MSE",0.0590280202550671
"294",5,3,0,0.6,12000,12000,1,1,0,1,"MR-Lasso","MSE",0.0591224342675802
"295",5,3,0,0.6,12000,12000,1,1,0,1,"Trans-OR","MSE",5.97590846964944e-05
"296",5,3,0,0.6,12000,12000,1,1,0,1,"Trans-IPW","MSE",7.42937818157836e-05
"297",5,3,0,0.6,12000,12000,1,1,0,1,"Trans-AIPW","MSE",7.42937818157805e-05
"298",5,3,0,0.8,12000,12000,1,1,0,1,"IVW","Bias",-0.327460283545828
"299",5,3,0,0.8,12000,12000,1,1,0,1,"Egger","Bias",-0.253884362975022
"300",5,3,0,0.8,12000,12000,1,1,0,1,"Weighted median","Bias",-0.325193131835946
"301",5,3,0,0.8,12000,12000,1,1,0,1,"Weighted mode","Bias",-0.322544169657836
"302",5,3,0,0.8,12000,12000,1,1,0,1,"MR-RAPS","Bias",-0.327076138876247
"303",5,3,0,0.8,12000,12000,1,1,0,1,"Contamination Mixture","Bias",-0.32773519617209
"304",5,3,0,0.8,12000,12000,1,1,0,1,"MR-Robust","Bias",-0.325571258705708
"305",5,3,0,0.8,12000,12000,1,1,0,1,"MR-Lasso","Bias",-0.327460283545828
"306",5,3,0,0.8,12000,12000,1,1,0,1,"Trans-OR","Bias",0.00486663780309533
"307",5,3,0,0.8,12000,12000,1,1,0,1,"Trans-IPW","Bias",0.000281925705906216
"308",5,3,0,0.8,12000,12000,1,1,0,1,"Trans-AIPW","Bias",0.000281925705906105
"309",5,3,0,0.8,12000,12000,1,1,0,1,"IVW","SD",0.0118225958895984
"310",5,3,0,0.8,12000,12000,1,1,0,1,"Egger","SD",0.0609974084217065
"311",5,3,0,0.8,12000,12000,1,1,0,1,"Weighted median","SD",0.0104617070812666
"312",5,3,0,0.8,12000,12000,1,1,0,1,"Weighted mode","SD",0.00894803049253076
"313",5,3,0,0.8,12000,12000,1,1,0,1,"MR-RAPS","SD",0.0113675343033089
"314",5,3,0,0.8,12000,12000,1,1,0,1,"Contamination Mixture","SD",0.0111853030726932
"315",5,3,0,0.8,12000,12000,1,1,0,1,"MR-Robust","SD",0.0105616149099102
"316",5,3,0,0.8,12000,12000,1,1,0,1,"MR-Lasso","SD",0.0118225958895985
"317",5,3,0,0.8,12000,12000,1,1,0,1,"Trans-OR","SD",0.00464186152512334
"318",5,3,0,0.8,12000,12000,1,1,0,1,"Trans-IPW","SD",0.0083530794205429
"319",5,3,0,0.8,12000,12000,1,1,0,1,"Trans-AIPW","SD",0.00835307942054286
"320",5,3,0,0.8,12000,12000,1,1,0,1,"IVW","MSE",0.107370011073482
"321",5,3,0,0.8,12000,12000,1,1,0,1,"Egger","MSE",0.0681779535973973
"322",5,3,0,0.8,12000,12000,1,1,0,1,"Weighted median","MSE",0.105860020308325
"323",5,3,0,0.8,12000,12000,1,1,0,1,"Weighted mode","MSE",0.104114808629958
"324",5,3,0,0.8,12000,12000,1,1,0,1,"MR-RAPS","MSE",0.107108021458331
"325",5,3,0,0.8,12000,12000,1,1,0,1,"Contamination Mixture","MSE",0.107535469814786
"326",5,3,0,0.8,12000,12000,1,1,0,1,"MR-Robust","MSE",0.106108192204724
"327",5,3,0,0.8,12000,12000,1,1,0,1,"MR-Lasso","MSE",0.107370011073483
"328",5,3,0,0.8,12000,12000,1,1,0,1,"Trans-OR","MSE",4.52310419249369e-05
"329",5,3,0,0.8,12000,12000,1,1,0,1,"Trans-IPW","MSE",6.98534179095479e-05
"330",5,3,0,0.8,12000,12000,1,1,0,1,"Trans-AIPW","MSE",6.98534179095473e-05
"331",5,3,0,1,12000,12000,1,0,0.2,1,"IVW","Bias",-0.0521083523075719
"332",5,3,0,1,12000,12000,1,0,0.2,1,"Egger","Bias",0.235080287677526
"333",5,3,0,1,12000,12000,1,0,0.2,1,"Weighted median","Bias",-0.0519993521171469
"334",5,3,0,1,12000,12000,1,0,0.2,1,"Weighted mode","Bias",-0.0341423639149073
"335",5,3,0,1,12000,12000,1,0,0.2,1,"MR-RAPS","Bias",-0.0501174492203094
"336",5,3,0,1,12000,12000,1,0,0.2,1,"Contamination Mixture","Bias",-0.0530135954743112
"337",5,3,0,1,12000,12000,1,0,0.2,1,"MR-Robust","Bias",-0.0519002879055544
"338",5,3,0,1,12000,12000,1,0,0.2,1,"MR-Lasso","Bias",-0.0521083523075719
"339",5,3,0,1,12000,12000,1,0,0.2,1,"Trans-OR","Bias",-0.0540915968884133
"340",5,3,0,1,12000,12000,1,0,0.2,1,"Trans-IPW","Bias",-0.0862565650935647
"341",5,3,0,1,12000,12000,1,0,0.2,1,"Trans-AIPW","Bias",-0.0862565650935646
"342",5,3,0,1,12000,12000,1,0,0.2,1,"IVW","SD",0.0416225422894515
"343",5,3,0,1,12000,12000,1,0,0.2,1,"Egger","SD",0.582802732560497
"344",5,3,0,1,12000,12000,1,0,0.2,1,"Weighted median","SD",0.0377678123539634
"345",5,3,0,1,12000,12000,1,0,0.2,1,"Weighted mode","SD",0.0636051686317232
"346",5,3,0,1,12000,12000,1,0,0.2,1,"MR-RAPS","SD",0.0431697619396589
"347",5,3,0,1,12000,12000,1,0,0.2,1,"Contamination Mixture","SD",0.0419181500304584
"348",5,3,0,1,12000,12000,1,0,0.2,1,"MR-Robust","SD",0.0417633357327053
"349",5,3,0,1,12000,12000,1,0,0.2,1,"MR-Lasso","SD",0.0416225422894515
"350",5,3,0,1,12000,12000,1,0,0.2,1,"Trans-OR","SD",0.0515577066193993
"351",5,3,0,1,12000,12000,1,0,0.2,1,"Trans-IPW","SD",0.0717745431315654
"352",5,3,0,1,12000,12000,1,0,0.2,1,"Trans-AIPW","SD",0.0717745431315654
"353",5,3,0,1,12000,12000,1,0,0.2,1,"IVW","MSE",0.0044477164068472
"354",5,3,0,1,12000,12000,1,0,0.2,1,"Egger","MSE",0.39492176673453
"355",5,3,0,1,12000,12000,1,0,0.2,1,"Weighted median","MSE",0.00413034027060722
"356",5,3,0,1,12000,12000,1,0,0.2,1,"Weighted mode","MSE",0.00521131849036791
"357",5,3,0,1,12000,12000,1,0,0.2,1,"MR-RAPS","MSE",0.00437538706227711
"358",5,3,0,1,12000,12000,1,0,0.2,1,"Contamination Mixture","MSE",0.00456757260708993
"359",5,3,0,1,12000,12000,1,0,0.2,1,"MR-Robust","MSE",0.00443781609620209
"360",5,3,0,1,12000,12000,1,0,0.2,1,"MR-Lasso","MSE",0.00444771640684721
"361",5,3,0,1,12000,12000,1,0,0.2,1,"Trans-OR","MSE",0.00558409796579065
"362",5,3,0,1,12000,12000,1,0,0.2,1,"Trans-IPW","MSE",0.0125917800634853
"363",5,3,0,1,12000,12000,1,0,0.2,1,"Trans-AIPW","MSE",0.0125917800634853
"364",5,3,0,1,12000,12000,1,0.2,0.2,1,"IVW","Bias",-0.354223633988952
"365",5,3,0,1,12000,12000,1,0.2,0.2,1,"Egger","Bias",-0.297344892669071
"366",5,3,0,1,12000,12000,1,0.2,0.2,1,"Weighted median","Bias",-0.351953519912926
"367",5,3,0,1,12000,12000,1,0.2,0.2,1,"Weighted mode","Bias",-0.3474844556819
"368",5,3,0,1,12000,12000,1,0.2,0.2,1,"MR-RAPS","Bias",-0.353993782495221
"369",5,3,0,1,12000,12000,1,0.2,0.2,1,"Contamination Mixture","Bias",-0.354378596834493
"370",5,3,0,1,12000,12000,1,0.2,0.2,1,"MR-Robust","Bias",-0.354003142694931
"371",5,3,0,1,12000,12000,1,0.2,0.2,1,"MR-Lasso","Bias",-0.354223633988952
"372",5,3,0,1,12000,12000,1,0.2,0.2,1,"Trans-OR","Bias",3.50615120149778e-05
"373",5,3,0,1,12000,12000,1,0.2,0.2,1,"Trans-IPW","Bias",-0.00899886387013351
"374",5,3,0,1,12000,12000,1,0.2,0.2,1,"Trans-AIPW","Bias",-0.00899886387013322
"375",5,3,0,1,12000,12000,1,0.2,0.2,1,"IVW","SD",0.00779873450641639
"376",5,3,0,1,12000,12000,1,0.2,0.2,1,"Egger","SD",0.0394016183510627
"377",5,3,0,1,12000,12000,1,0.2,0.2,1,"Weighted median","SD",0.00988600734275563
"378",5,3,0,1,12000,12000,1,0.2,0.2,1,"Weighted mode","SD",0.011123388418196
"379",5,3,0,1,12000,12000,1,0.2,0.2,1,"MR-RAPS","SD",0.00783408446342901
"380",5,3,0,1,12000,12000,1,0.2,0.2,1,"Contamination Mixture","SD",0.00909796881998016
"381",5,3,0,1,12000,12000,1,0.2,0.2,1,"MR-Robust","SD",0.00795353203301185
"382",5,3,0,1,12000,12000,1,0.2,0.2,1,"MR-Lasso","SD",0.00779873450641639
"383",5,3,0,1,12000,12000,1,0.2,0.2,1,"Trans-OR","SD",0.0126285896872419
"384",5,3,0,1,12000,12000,1,0.2,0.2,1,"Trans-IPW","SD",0.0116333083569119
"385",5,3,0,1,12000,12000,1,0.2,0.2,1,"Trans-AIPW","SD",0.0116333083569125
"386",5,3,0,1,12000,12000,1,0.2,0.2,1,"IVW","MSE",0.125535203136241
"387",5,3,0,1,12000,12000,1,0.2,0.2,1,"Egger","MSE",0.089966472725064
"388",5,3,0,1,12000,12000,1,0.2,0.2,1,"Weighted median","MSE",0.12396901332028
"389",5,3,0,1,12000,12000,1,0.2,0.2,1,"Weighted mode","MSE",0.120869176710448
"390",5,3,0,1,12000,12000,1,0.2,0.2,1,"MR-RAPS","MSE",0.125372970924654
"391",5,3,0,1,12000,12000,1,0.2,0.2,1,"Contamination Mixture","MSE",0.125666962931033
"392",5,3,0,1,12000,12000,1,0.2,0.2,1,"MR-Robust","MSE",0.125381483709688
"393",5,3,0,1,12000,12000,1,0.2,0.2,1,"MR-Lasso","MSE",0.125535203136241
"394",5,3,0,1,12000,12000,1,0.2,0.2,1,"Trans-OR","MSE",0.000159482506798337
"395",5,3,0,1,12000,12000,1,0.2,0.2,1,"Trans-IPW","MSE",0.00021631341428019
"396",5,3,0,1,12000,12000,1,0.2,0.2,1,"Trans-AIPW","MSE",0.0002163134142802
"397",5,3,0,1,12000,12000,1,0.4,0.2,1,"IVW","Bias",-0.378718710388362
"398",5,3,0,1,12000,12000,1,0.4,0.2,1,"Egger","Bias",-0.315747372987309
"399",5,3,0,1,12000,12000,1,0.4,0.2,1,"Weighted median","Bias",-0.376434156999144
"400",5,3,0,1,12000,12000,1,0.4,0.2,1,"Weighted mode","Bias",-0.372873475640187
"401",5,3,0,1,12000,12000,1,0.4,0.2,1,"MR-RAPS","Bias",-0.378420404779902
"402",5,3,0,1,12000,12000,1,0.4,0.2,1,"Contamination Mixture","Bias",-0.381275703076199
"403",5,3,0,1,12000,12000,1,0.4,0.2,1,"MR-Robust","Bias",-0.378470382942287
"404",5,3,0,1,12000,12000,1,0.4,0.2,1,"MR-Lasso","Bias",-0.378718710388362
"405",5,3,0,1,12000,12000,1,0.4,0.2,1,"Trans-OR","Bias",0.0010923916516689
"406",5,3,0,1,12000,12000,1,0.4,0.2,1,"Trans-IPW","Bias",-0.00175981740595939
"407",5,3,0,1,12000,12000,1,0.4,0.2,1,"Trans-AIPW","Bias",-0.00175981740595925
"408",5,3,0,1,12000,12000,1,0.4,0.2,1,"IVW","SD",0.00883748531744133
"409",5,3,0,1,12000,12000,1,0.4,0.2,1,"Egger","SD",0.037645657463016
"410",5,3,0,1,12000,12000,1,0.4,0.2,1,"Weighted median","SD",0.00982494506395697
"411",5,3,0,1,12000,12000,1,0.4,0.2,1,"Weighted mode","SD",0.00892035508303899
"412",5,3,0,1,12000,12000,1,0.4,0.2,1,"MR-RAPS","SD",0.00898844555031352
"413",5,3,0,1,12000,12000,1,0.4,0.2,1,"Contamination Mixture","SD",0.00815083415490498
"414",5,3,0,1,12000,12000,1,0.4,0.2,1,"MR-Robust","SD",0.00887791364400436
"415",5,3,0,1,12000,12000,1,0.4,0.2,1,"MR-Lasso","SD",0.00883748531744136
"416",5,3,0,1,12000,12000,1,0.4,0.2,1,"Trans-OR","SD",0.00683739393966168
"417",5,3,0,1,12000,12000,1,0.4,0.2,1,"Trans-IPW","SD",0.0141648858968021
"418",5,3,0,1,12000,12000,1,0.4,0.2,1,"Trans-AIPW","SD",0.0141648858968019
"419",5,3,0,1,12000,12000,1,0.4,0.2,1,"IVW","MSE",0.14350596274496
"420",5,3,0,1,12000,12000,1,0.4,0.2,1,"Egger","MSE",0.10111359907421
"421",5,3,0,1,12000,12000,1,0.4,0.2,1,"Weighted median","MSE",0.141799204101166
"422",5,3,0,1,12000,12000,1,0.4,0.2,1,"Weighted mode","MSE",0.139114201570801
"423",5,3,0,1,12000,12000,1,0.4,0.2,1,"MR-RAPS","MSE",0.143282794907196
"424",5,3,0,1,12000,12000,1,0.4,0.2,1,"Contamination Mixture","MSE",0.145437597853671
"425",5,3,0,1,12000,12000,1,0.4,0.2,1,"MR-Robust","MSE",0.143318648115152
"426",5,3,0,1,12000,12000,1,0.4,0.2,1,"MR-Lasso","MSE",0.14350596274496
"427",5,3,0,1,12000,12000,1,0.4,0.2,1,"Trans-OR","MSE",4.79432754067582e-05
"428",5,3,0,1,12000,12000,1,0.4,0.2,1,"Trans-IPW","MSE",0.00020374094977174
"429",5,3,0,1,12000,12000,1,0.4,0.2,1,"Trans-AIPW","MSE",0.000203740949771735
"430",5,3,0,1,12000,12000,1,0.6,0.2,1,"IVW","Bias",-0.387773820247816
"431",5,3,0,1,12000,12000,1,0.6,0.2,1,"Egger","Bias",-0.321742990433385
"432",5,3,0,1,12000,12000,1,0.6,0.2,1,"Weighted median","Bias",-0.385595087941663
"433",5,3,0,1,12000,12000,1,0.6,0.2,1,"Weighted mode","Bias",-0.382315675892697
"434",5,3,0,1,12000,12000,1,0.6,0.2,1,"MR-RAPS","Bias",-0.387393295503266
"435",5,3,0,1,12000,12000,1,0.6,0.2,1,"Contamination Mixture","Bias",-0.389544842012017
"436",5,3,0,1,12000,12000,1,0.6,0.2,1,"MR-Robust","Bias",-0.387564107906164
"437",5,3,0,1,12000,12000,1,0.6,0.2,1,"MR-Lasso","Bias",-0.387773820247816
"438",5,3,0,1,12000,12000,1,0.6,0.2,1,"Trans-OR","Bias",0.00189509382568498
"439",5,3,0,1,12000,12000,1,0.6,0.2,1,"Trans-IPW","Bias",-0.00059512659193397
"440",5,3,0,1,12000,12000,1,0.6,0.2,1,"Trans-AIPW","Bias",-0.00059512659193397
"441",5,3,0,1,12000,12000,1,0.6,0.2,1,"IVW","SD",0.00942293882854571
"442",5,3,0,1,12000,12000,1,0.6,0.2,1,"Egger","SD",0.0394390354614219
"443",5,3,0,1,12000,12000,1,0.6,0.2,1,"Weighted median","SD",0.0100481904498922
"444",5,3,0,1,12000,12000,1,0.6,0.2,1,"Weighted mode","SD",0.00844005813095996
"445",5,3,0,1,12000,12000,1,0.6,0.2,1,"MR-RAPS","SD",0.00975814043437687
"446",5,3,0,1,12000,12000,1,0.6,0.2,1,"Contamination Mixture","SD",0.0111464345133017
"447",5,3,0,1,12000,12000,1,0.6,0.2,1,"MR-Robust","SD",0.00943747212241927
"448",5,3,0,1,12000,12000,1,0.6,0.2,1,"MR-Lasso","SD",0.00942293882854575
"449",5,3,0,1,12000,12000,1,0.6,0.2,1,"Trans-OR","SD",0.0063853509406704
"450",5,3,0,1,12000,12000,1,0.6,0.2,1,"Trans-IPW","SD",0.013140125266569
"451",5,3,0,1,12000,12000,1,0.6,0.2,1,"Trans-AIPW","SD",0.0131401252665689
"452",5,3,0,1,12000,12000,1,0.6,0.2,1,"IVW","MSE",0.150457327445752
"453",5,3,0,1,12000,12000,1,0.6,0.2,1,"Egger","MSE",0.105073989411145
"454",5,3,0,1,12000,12000,1,0.6,0.2,1,"Weighted median","MSE",0.148784537976056
"455",5,3,0,1,12000,12000,1,0.6,0.2,1,"Weighted mode","MSE",0.146236510614544
"456",5,3,0,1,12000,12000,1,0.6,0.2,1,"MR-RAPS","MSE",0.150168786705618
"457",5,3,0,1,12000,12000,1,0.6,0.2,1,"Contamination Mixture","MSE",0.151869426940526
"458",5,3,0,1,12000,12000,1,0.6,0.2,1,"MR-Robust","MSE",0.150295003617162
"459",5,3,0,1,12000,12000,1,0.6,0.2,1,"MR-Lasso","MSE",0.150457327445752
"460",5,3,0,1,12000,12000,1,0.6,0.2,1,"Trans-OR","MSE",4.43640872436698e-05
"461",5,3,0,1,12000,12000,1,0.6,0.2,1,"Trans-IPW","MSE",0.000173017067681552
"462",5,3,0,1,12000,12000,1,0.6,0.2,1,"Trans-AIPW","MSE",0.000173017067681549
"463",5,3,0,1,12000,12000,1,0.8,0.2,1,"IVW","Bias",-0.392488998165766
"464",5,3,0,1,12000,12000,1,0.8,0.2,1,"Egger","Bias",-0.324706753357653
"465",5,3,0,1,12000,12000,1,0.8,0.2,1,"Weighted median","Bias",-0.390094749850678
"466",5,3,0,1,12000,12000,1,0.8,0.2,1,"Weighted mode","Bias",-0.387227176189515
"467",5,3,0,1,12000,12000,1,0.8,0.2,1,"MR-RAPS","Bias",-0.39206842669824
"468",5,3,0,1,12000,12000,1,0.8,0.2,1,"Contamination Mixture","Bias",-0.391142575884293
"469",5,3,0,1,12000,12000,1,0.8,0.2,1,"MR-Robust","Bias",-0.394442648990066
"470",5,3,0,1,12000,12000,1,0.8,0.2,1,"MR-Lasso","Bias",-0.392488998165766
"471",5,3,0,1,12000,12000,1,0.8,0.2,1,"Trans-OR","Bias",0.00236572293097264
"472",5,3,0,1,12000,12000,1,0.8,0.2,1,"Trans-IPW","Bias",-7.31521408260827e-05
"473",5,3,0,1,12000,12000,1,0.8,0.2,1,"Trans-AIPW","Bias",-7.31521408263269e-05
"474",5,3,0,1,12000,12000,1,0.8,0.2,1,"IVW","SD",0.0097609767297338
"475",5,3,0,1,12000,12000,1,0.8,0.2,1,"Egger","SD",0.0407326450615615
"476",5,3,0,1,12000,12000,1,0.8,0.2,1,"Weighted median","SD",0.00986185022386196
"477",5,3,0,1,12000,12000,1,0.8,0.2,1,"Weighted mode","SD",0.00832029017131178
"478",5,3,0,1,12000,12000,1,0.8,0.2,1,"MR-RAPS","SD",0.0101971325602074
"479",5,3,0,1,12000,12000,1,0.8,0.2,1,"Contamination Mixture","SD",0.0116898553876446
"480",5,3,0,1,12000,12000,1,0.8,0.2,1,"MR-Robust","SD",0.0124915953017106
"481",5,3,0,1,12000,12000,1,0.8,0.2,1,"MR-Lasso","SD",0.00976097672973377
"482",5,3,0,1,12000,12000,1,0.8,0.2,1,"Trans-OR","SD",0.00618378650062276
"483",5,3,0,1,12000,12000,1,0.8,0.2,1,"Trans-IPW","SD",0.0126852763750899
"484",5,3,0,1,12000,12000,1,0.8,0.2,1,"Trans-AIPW","SD",0.0126852763750899
"485",5,3,0,1,12000,12000,1,0.8,0.2,1,"IVW","MSE",0.154142890347885
"486",5,3,0,1,12000,12000,1,0.8,0.2,1,"Egger","MSE",0.107093624049779
"487",5,3,0,1,12000,12000,1,0.8,0.2,1,"Weighted median","MSE",0.152271169950901
"488",5,3,0,1,12000,12000,1,0.8,0.2,1,"Weighted mode","MSE",0.150014113208241
"489",5,3,0,1,12000,12000,1,0.8,0.2,1,"MR-RAPS","MSE",0.153821632726084
"490",5,3,0,1,12000,12000,1,0.8,0.2,1,"Contamination Mixture","MSE",0.153129167388384
"491",5,3,0,1,12000,12000,1,0.8,0.2,1,"MR-Robust","MSE",0.155741043295482
"492",5,3,0,1,12000,12000,1,0.8,0.2,1,"MR-Lasso","MSE",0.154142890347885
"493",5,3,0,1,12000,12000,1,0.8,0.2,1,"Trans-OR","MSE",4.3835860471414e-05
"494",5,3,0,1,12000,12000,1,0.8,0.2,1,"Trans-IPW","MSE",0.000160921587948122
"495",5,3,0,1,12000,12000,1,0.8,0.2,1,"Trans-AIPW","MSE",0.000160921587948121
"496",5,3,0,1,12000,12000,1,1,0,1,"IVW","Bias",-0.40918022983096
"497",5,3,0,1,12000,12000,1,1,0,1,"Egger","Bias",-0.328824302812814
"498",5,3,0,1,12000,12000,1,1,0,1,"Weighted median","Bias",-0.406300622554257
"499",5,3,0,1,12000,12000,1,1,0,1,"Weighted mode","Bias",-0.403907824693298
"500",5,3,0,1,12000,12000,1,1,0,1,"MR-RAPS","Bias",-0.408831136252658
"501",5,3,0,1,12000,12000,1,1,0,1,"Contamination Mixture","Bias",-0.409099371163114
"502",5,3,0,1,12000,12000,1,1,0,1,"MR-Robust","Bias",-0.40893258808778
"503",5,3,0,1,12000,12000,1,1,0,1,"MR-Lasso","Bias",-0.40918022983096
"504",5,3,0,1,12000,12000,1,1,0,1,"Trans-OR","Bias",0.00277062469858469
"505",5,3,0,1,12000,12000,1,1,0,1,"Trans-IPW","Bias",7.91972499482707e-05
"506",5,3,0,1,12000,12000,1,1,0,1,"Trans-AIPW","Bias",7.91972499482485e-05
"507",5,3,0,1,12000,12000,1,1,0,1,"IVW","SD",0.0102599954102286
"508",5,3,0,1,12000,12000,1,1,0,1,"Egger","SD",0.0413191045771761
"509",5,3,0,1,12000,12000,1,1,0,1,"Weighted median","SD",0.0099204509901714
"510",5,3,0,1,12000,12000,1,1,0,1,"Weighted mode","SD",0.00870898033235185
"511",5,3,0,1,12000,12000,1,1,0,1,"MR-RAPS","SD",0.010635406136873
"512",5,3,0,1,12000,12000,1,1,0,1,"Contamination Mixture","SD",0.00712418139161784
"513",5,3,0,1,12000,12000,1,1,0,1,"MR-Robust","SD",0.0102205286196496
"514",5,3,0,1,12000,12000,1,1,0,1,"MR-Lasso","SD",0.0102599954102286
"515",5,3,0,1,12000,12000,1,1,0,1,"Trans-OR","SD",0.00604066077611635
"516",5,3,0,1,12000,12000,1,1,0,1,"Trans-IPW","SD",0.0123132840500729
"517",5,3,0,1,12000,12000,1,1,0,1,"Trans-AIPW","SD",0.0123132840500729
"518",5,3,0,1,12000,12000,1,1,0,1,"IVW","MSE",0.167533727990335
"519",5,3,0,1,12000,12000,1,1,0,1,"Egger","MSE",0.109832690523393
"520",5,3,0,1,12000,12000,1,1,0,1,"Weighted median","MSE",0.165178611235825
"521",5,3,0,1,12000,12000,1,1,0,1,"Weighted mode","MSE",0.163217377186901
"522",5,3,0,1,12000,12000,1,1,0,1,"MR-RAPS","MSE",0.167256009833336
"523",5,3,0,1,12000,12000,1,1,0,1,"Contamination Mixture","MSE",0.167413049446556
"524",5,3,0,1,12000,12000,1,1,0,1,"MR-Robust","MSE",0.167330320805435
"525",5,3,0,1,12000,12000,1,1,0,1,"MR-Lasso","MSE",0.167533727990335
"526",5,3,0,1,12000,12000,1,1,0,1,"Trans-OR","MSE",4.41659438325181e-05
"527",5,3,0,1,12000,12000,1,1,0,1,"Trans-IPW","MSE",0.000151623236302178
"528",5,3,0,1,12000,12000,1,1,0,1,"Trans-AIPW","MSE",0.000151623236302179
"529",5,3,0,1,12000,12000,1,1,0.2,1,"IVW","Bias",-0.395381108635639
"530",5,3,0,1,12000,12000,1,1,0.2,1,"Egger","Bias",-0.326472715654648
"531",5,3,0,1,12000,12000,1,1,0.2,1,"Weighted median","Bias",-0.392947136092581
"532",5,3,0,1,12000,12000,1,1,0.2,1,"Weighted mode","Bias",-0.390248332070922
"533",5,3,0,1,12000,12000,1,1,0.2,1,"MR-RAPS","Bias",-0.394993021533935
"534",5,3,0,1,12000,12000,1,1,0.2,1,"Contamination Mixture","Bias",-0.39466444003185
"535",5,3,0,1,12000,12000,1,1,0.2,1,"MR-Robust","Bias",-0.395146854065759
"536",5,3,0,1,12000,12000,1,1,0.2,1,"MR-Lasso","Bias",-0.395381108635639
"537",5,3,0,1,12000,12000,1,1,0.2,1,"Trans-OR","Bias",0.0026334434576688
"538",5,3,0,1,12000,12000,1,1,0.2,1,"Trans-IPW","Bias",0.000217628973937822
"539",5,3,0,1,12000,12000,1,1,0.2,1,"Trans-AIPW","Bias",0.000217628973937756
"540",5,3,0,1,12000,12000,1,1,0.2,1,"IVW","SD",0.0099782162688706
"541",5,3,0,1,12000,12000,1,1,0.2,1,"Egger","SD",0.041622694734413
"542",5,3,0,1,12000,12000,1,1,0.2,1,"Weighted median","SD",0.00988437401403438
"543",5,3,0,1,12000,12000,1,1,0.2,1,"Weighted mode","SD",0.00826368335585041
"544",5,3,0,1,12000,12000,1,1,0.2,1,"MR-RAPS","SD",0.0103786308541195
"545",5,3,0,1,12000,12000,1,1,0.2,1,"Contamination Mixture","SD",0.0119273695295411
"546",5,3,0,1,12000,12000,1,1,0.2,1,"MR-Robust","SD",0.00993132507144655
"547",5,3,0,1,12000,12000,1,1,0.2,1,"MR-Lasso","SD",0.00997821626887061
"548",5,3,0,1,12000,12000,1,1,0.2,1,"Trans-OR","SD",0.00612306720495323
"549",5,3,0,1,12000,12000,1,1,0.2,1,"Trans-IPW","SD",0.0124377863217721
"550",5,3,0,1,12000,12000,1,1,0.2,1,"Trans-AIPW","SD",0.012437786321772
"551",5,3,0,1,12000,12000,1,1,0.2,1,"IVW","MSE",0.156425785865855
"552",5,3,0,1,12000,12000,1,1,0.2,1,"Egger","MSE",0.108316882783875
"553",5,3,0,1,12000,12000,1,1,0.2,1,"Weighted median","MSE",0.15450515261301
"554",5,3,0,1,12000,12000,1,1,0.2,1,"Weighted mode","MSE",0.152362049146743
"555",5,3,0,1,12000,12000,1,1,0.2,1,"MR-RAPS","MSE",0.156127203038914
"556",5,3,0,1,12000,12000,1,1,0.2,1,"Contamination Mixture","MSE",0.155902282369548
"557",5,3,0,1,12000,12000,1,1,0.2,1,"MR-Robust","MSE",0.156239667495741
"558",5,3,0,1,12000,12000,1,1,0.2,1,"MR-Lasso","MSE",0.156425785865855
"559",5,3,0,1,12000,12000,1,1,0.2,1,"Trans-OR","MSE",4.44269764411124e-05
"560",5,3,0,1,12000,12000,1,1,0.2,1,"Trans-IPW","MSE",0.000154745890956358
"561",5,3,0,1,12000,12000,1,1,0.2,1,"Trans-AIPW","MSE",0.000154745890956356
"562",5,3,0,1,12000,12000,1,1,0.4,1,"IVW","Bias",-0.382451421494436
"563",5,3,0,1,12000,12000,1,1,0.4,1,"Egger","Bias",-0.32394305070807
"564",5,3,0,1,12000,12000,1,1,0.4,1,"Weighted median","Bias",-0.380007887477919
"565",5,3,0,1,12000,12000,1,1,0.4,1,"Weighted mode","Bias",-0.377890060244023
"566",5,3,0,1,12000,12000,1,1,0.4,1,"MR-RAPS","Bias",-0.382132402044889
"567",5,3,0,1,12000,12000,1,1,0.4,1,"Contamination Mixture","Bias",-0.381983908669244
"568",5,3,0,1,12000,12000,1,1,0.4,1,"MR-Robust","Bias",-0.382142443091861
"569",5,3,0,1,12000,12000,1,1,0.4,1,"MR-Lasso","Bias",-0.382451421494436
"570",5,3,0,1,12000,12000,1,1,0.4,1,"Trans-OR","Bias",0.00333740692641678
"571",5,3,0,1,12000,12000,1,1,0.4,1,"Trans-IPW","Bias",0.000306394363316964
"572",5,3,0,1,12000,12000,1,1,0.4,1,"Trans-AIPW","Bias",0.000306394363317009
"573",5,3,0,1,12000,12000,1,1,0.4,1,"IVW","SD",0.0097419397352175
"574",5,3,0,1,12000,12000,1,1,0.4,1,"Egger","SD",0.0419347762375637
"575",5,3,0,1,12000,12000,1,1,0.4,1,"Weighted median","SD",0.00934237878102227
"576",5,3,0,1,12000,12000,1,1,0.4,1,"Weighted mode","SD",0.00836536892551916
"577",5,3,0,1,12000,12000,1,1,0.4,1,"MR-RAPS","SD",0.00996711815237716
"578",5,3,0,1,12000,12000,1,1,0.4,1,"Contamination Mixture","SD",0.00986188464269057
"579",5,3,0,1,12000,12000,1,1,0.4,1,"MR-Robust","SD",0.0095884141170389
"580",5,3,0,1,12000,12000,1,1,0.4,1,"MR-Lasso","SD",0.00974193973521751
"581",5,3,0,1,12000,12000,1,1,0.4,1,"Trans-OR","SD",0.00686280609297051
"582",5,3,0,1,12000,12000,1,1,0.4,1,"Trans-IPW","SD",0.0125752268850972
"583",5,3,0,1,12000,12000,1,1,0.4,1,"Trans-AIPW","SD",0.0125752268850973
"584",5,3,0,1,12000,12000,1,1,0.4,1,"IVW","MSE",0.146363995192919
"585",5,3,0,1,12000,12000,1,1,0.4,1,"Egger","MSE",0.106697625560146
"586",5,3,0,1,12000,12000,1,1,0.4,1,"Weighted median","MSE",0.144493274586719
"587",5,3,0,1,12000,12000,1,1,0.4,1,"Weighted mode","MSE",0.142870877028492
"588",5,3,0,1,12000,12000,1,1,0.4,1,"MR-RAPS","MSE",0.14612451613686
"589",5,3,0,1,12000,12000,1,1,0.4,1,"Contamination Mixture","MSE",0.146008963250939
"590",5,3,0,1,12000,12000,1,1,0.4,1,"MR-Robust","MSE",0.146124784497496
"591",5,3,0,1,12000,12000,1,1,0.4,1,"MR-Lasso","MSE",0.146363995192919
"592",5,3,0,1,12000,12000,1,1,0.4,1,"Trans-OR","MSE",5.82363924622078e-05
"593",5,3,0,1,12000,12000,1,1,0.4,1,"Trans-IPW","MSE",0.000158230208717543
"594",5,3,0,1,12000,12000,1,1,0.4,1,"Trans-AIPW","MSE",0.000158230208717545
"595",5,3,0,1,12000,12000,1,1,0.6,1,"IVW","Bias",-0.370313694407299
"596",5,3,0,1,12000,12000,1,1,0.6,1,"Egger","Bias",-0.321244379213493
"597",5,3,0,1,12000,12000,1,1,0.6,1,"Weighted median","Bias",-0.367967237763291
"598",5,3,0,1,12000,12000,1,1,0.6,1,"Weighted mode","Bias",-0.366688721795113
"599",5,3,0,1,12000,12000,1,1,0.6,1,"MR-RAPS","Bias",-0.370099511434182
"600",5,3,0,1,12000,12000,1,1,0.6,1,"Contamination Mixture","Bias",-0.369786969810669
"601",5,3,0,1,12000,12000,1,1,0.6,1,"MR-Robust","Bias",-0.370123074360479
"602",5,3,0,1,12000,12000,1,1,0.6,1,"MR-Lasso","Bias",-0.370313694407299
"603",5,3,0,1,12000,12000,1,1,0.6,1,"Trans-OR","Bias",0.00329903077365226
"604",5,3,0,1,12000,12000,1,1,0.6,1,"Trans-IPW","Bias",0.000353729898559063
"605",5,3,0,1,12000,12000,1,1,0.6,1,"Trans-AIPW","Bias",0.00035372989855762
"606",5,3,0,1,12000,12000,1,1,0.6,1,"IVW","SD",0.00954569439336964
"607",5,3,0,1,12000,12000,1,1,0.6,1,"Egger","SD",0.0422530505226767
"608",5,3,0,1,12000,12000,1,1,0.6,1,"Weighted median","SD",0.00884980015467879
"609",5,3,0,1,12000,12000,1,1,0.6,1,"Weighted mode","SD",0.00846763163611668
"610",5,3,0,1,12000,12000,1,1,0.6,1,"MR-RAPS","SD",0.00952540487051721
"611",5,3,0,1,12000,12000,1,1,0.6,1,"Contamination Mixture","SD",0.0099851788667198
"612",5,3,0,1,12000,12000,1,1,0.6,1,"MR-Robust","SD",0.00950358187651512
"613",5,3,0,1,12000,12000,1,1,0.6,1,"MR-Lasso","SD",0.00954569439336961
"614",5,3,0,1,12000,12000,1,1,0.6,1,"Trans-OR","SD",0.00702603003301294
"615",5,3,0,1,12000,12000,1,1,0.6,1,"Trans-IPW","SD",0.0127225357087919
"616",5,3,0,1,12000,12000,1,1,0.6,1,"Trans-AIPW","SD",0.0127225357087918
"617",5,3,0,1,12000,12000,1,1,0.6,1,"IVW","MSE",0.137223352547034
"618",5,3,0,1,12000,12000,1,1,0.6,1,"Egger","MSE",0.104983271454735
"619",5,3,0,1,12000,12000,1,1,0.6,1,"Weighted median","MSE",0.135478207029924
"620",5,3,0,1,12000,12000,1,1,0.6,1,"Weighted mode","MSE",0.134532319477259
"621",5,3,0,1,12000,12000,1,1,0.6,1,"MR-RAPS","MSE",0.137064381701767
"622",5,3,0,1,12000,12000,1,1,0.6,1,"Contamination Mixture","MSE",0.136842106838757
"623",5,3,0,1,12000,12000,1,1,0.6,1,"MR-Robust","MSE",0.137081408242537
"624",5,3,0,1,12000,12000,1,1,0.6,1,"MR-Lasso","MSE",0.137223352547034
"625",5,3,0,1,12000,12000,1,1,0.6,1,"Trans-OR","MSE",6.02487020703044e-05
"626",5,3,0,1,12000,12000,1,1,0.6,1,"Trans-IPW","MSE",0.000161988039702619
"627",5,3,0,1,12000,12000,1,1,0.6,1,"Trans-AIPW","MSE",0.000161988039702615
"628",5,3,0,1,12000,12000,1,1,0.8,1,"IVW","Bias",-0.358899167743425
"629",5,3,0,1,12000,12000,1,1,0.8,1,"Egger","Bias",-0.318386745160115
"630",5,3,0,1,12000,12000,1,1,0.8,1,"Weighted median","Bias",-0.356807245436444
"631",5,3,0,1,12000,12000,1,1,0.8,1,"Weighted mode","Bias",-0.355591787382048
"632",5,3,0,1,12000,12000,1,1,0.8,1,"MR-RAPS","Bias",-0.358758986270917
"633",5,3,0,1,12000,12000,1,1,0.8,1,"Contamination Mixture","Bias",-0.359138359239508
"634",5,3,0,1,12000,12000,1,1,0.8,1,"MR-Robust","Bias",-0.35876107649868
"635",5,3,0,1,12000,12000,1,1,0.8,1,"MR-Lasso","Bias",-0.358899167743424
"636",5,3,0,1,12000,12000,1,1,0.8,1,"Trans-OR","Bias",0.00328926150080799
"637",5,3,0,1,12000,12000,1,1,0.8,1,"Trans-IPW","Bias",0.000366723439998151
"638",5,3,0,1,12000,12000,1,1,0.8,1,"Trans-AIPW","Bias",0.000366723439998307
"639",5,3,0,1,12000,12000,1,1,0.8,1,"IVW","SD",0.00938458578168712
"640",5,3,0,1,12000,12000,1,1,0.8,1,"Egger","SD",0.042575365812072
"641",5,3,0,1,12000,12000,1,1,0.8,1,"Weighted median","SD",0.00874220232387384
"642",5,3,0,1,12000,12000,1,1,0.8,1,"Weighted mode","SD",0.008510465305067
"643",5,3,0,1,12000,12000,1,1,0.8,1,"MR-RAPS","SD",0.00917036592726616
"644",5,3,0,1,12000,12000,1,1,0.8,1,"Contamination Mixture","SD",0.00956319619872971
"645",5,3,0,1,12000,12000,1,1,0.8,1,"MR-Robust","SD",0.00935794527742132
"646",5,3,0,1,12000,12000,1,1,0.8,1,"MR-Lasso","SD",0.00938458578168713
"647",5,3,0,1,12000,12000,1,1,0.8,1,"Trans-OR","SD",0.00718828633112649
"648",5,3,0,1,12000,12000,1,1,0.8,1,"Trans-IPW","SD",0.0128770776370873
"649",5,3,0,1,12000,12000,1,1,0.8,1,"Trans-AIPW","SD",0.0128770776370868
"650",5,3,0,1,12000,12000,1,1,0.8,1,"IVW","MSE",0.128896683057217
"651",5,3,0,1,12000,12000,1,1,0.8,1,"Egger","MSE",0.103182781267684
"652",5,3,0,1,12000,12000,1,1,0.8,1,"Weighted median","MSE",0.127387836497415
"653",5,3,0,1,12000,12000,1,1,0.8,1,"Weighted mode","MSE",0.126517947273269
"654",5,3,0,1,12000,12000,1,1,0.8,1,"MR-RAPS","MSE",0.128792105841376
"655",5,3,0,1,12000,12000,1,1,0.8,1,"Contamination Mixture","MSE",0.129071815798781
"656",5,3,0,1,12000,12000,1,1,0.8,1,"MR-Robust","MSE",0.128797081150307
"657",5,3,0,1,12000,12000,1,1,0.8,1,"MR-Lasso","MSE",0.128896683057217
"658",5,3,0,1,12000,12000,1,1,0.8,1,"Trans-OR","MSE",6.24907015989577e-05
"659",5,3,0,1,12000,12000,1,1,0.8,1,"Trans-IPW","MSE",0.000165953614553017
"660",5,3,0,1,12000,12000,1,1,0.8,1,"Trans-AIPW","MSE",0.000165953614553006
"661",5,3,0,1,12000,12000,1,1,1,1,"IVW","Bias",-0.348146640120403
"662",5,3,0,1,12000,12000,1,1,1,1,"Egger","Bias",-0.315380965855577
"663",5,3,0,1,12000,12000,1,1,1,1,"Weighted median","Bias",-0.346377953863485
"664",5,3,0,1,12000,12000,1,1,1,1,"Weighted mode","Bias",-0.344982869272531
"665",5,3,0,1,12000,12000,1,1,1,1,"MR-RAPS","Bias",-0.34796967764583
"666",5,3,0,1,12000,12000,1,1,1,1,"Contamination Mixture","Bias",-0.345551191472386
"667",5,3,0,1,12000,12000,1,1,1,1,"MR-Robust","Bias",-0.348045175090669
"668",5,3,0,1,12000,12000,1,1,1,1,"MR-Lasso","Bias",-0.348146640120403
"669",5,3,0,1,12000,12000,1,1,1,1,"Trans-OR","Bias",0.00327420166661141
"670",5,3,0,1,12000,12000,1,1,1,1,"Trans-IPW","Bias",0.000351429213336507
"671",5,3,0,1,12000,12000,1,1,1,1,"Trans-AIPW","Bias",0.000351429213336618
"672",5,3,0,1,12000,12000,1,1,1,1,"IVW","SD",0.00925423707408134
"673",5,3,0,1,12000,12000,1,1,1,1,"Egger","SD",0.0428997532237487
"674",5,3,0,1,12000,12000,1,1,1,1,"Weighted median","SD",0.00897451090844317
"675",5,3,0,1,12000,12000,1,1,1,1,"Weighted mode","SD",0.00856553610833808
"676",5,3,0,1,12000,12000,1,1,1,1,"MR-RAPS","SD",0.00903970734144856
"677",5,3,0,1,12000,12000,1,1,1,1,"Contamination Mixture","SD",0.00969628120785678
"678",5,3,0,1,12000,12000,1,1,1,1,"MR-Robust","SD",0.00924825839802882
"679",5,3,0,1,12000,12000,1,1,1,1,"MR-Lasso","SD",0.00925423707408127
"680",5,3,0,1,12000,12000,1,1,1,1,"Trans-OR","SD",0.00737495871794969
"681",5,3,0,1,12000,12000,1,1,1,1,"Trans-IPW","SD",0.0130366126194408
"682",5,3,0,1,12000,12000,1,1,1,1,"Trans-AIPW","SD",0.0130366126194405
"683",5,3,0,1,12000,12000,1,1,1,1,"IVW","MSE",0.121291723930949
"684",5,3,0,1,12000,12000,1,1,1,1,"Egger","MSE",0.101305542450655
"685",5,3,0,1,12000,12000,1,1,1,1,"Weighted median","MSE",0.120058228768701
"686",5,3,0,1,12000,12000,1,1,1,1,"Weighted mode","MSE",0.119086548500332
"687",5,3,0,1,12000,12000,1,1,1,1,"MR-RAPS","MSE",0.121164612869762
"688",5,3,0,1,12000,12000,1,1,1,1,"Contamination Mixture","MSE",0.119499643797247
"689",5,3,0,1,12000,12000,1,1,1,1,"MR-Robust","MSE",0.121220974187291
"690",5,3,0,1,12000,12000,1,1,1,1,"MR-Lasso","MSE",0.121291723930949
"691",5,3,0,1,12000,12000,1,1,1,1,"Trans-OR","MSE",6.51104126451031e-05
"692",5,3,0,1,12000,12000,1,1,1,1,"Trans-IPW","MSE",0.000170076771081348
"693",5,3,0,1,12000,12000,1,1,1,1,"Trans-AIPW","MSE",0.000170076771081342
"694",5,4,0,1,12000,12000,1,1,0,1,"IVW","Bias",-0.441073133251042
"695",5,4,0,1,12000,12000,1,1,0,1,"Egger","Bias",-0.242669598082961
"696",5,4,0,1,12000,12000,1,1,0,1,"Weighted median","Bias",-0.44654665664893
"697",5,4,0,1,12000,12000,1,1,0,1,"Weighted mode","Bias",-0.449095819249705
"698",5,4,0,1,12000,12000,1,1,0,1,"MR-RAPS","Bias",-0.443728066431306
"699",5,4,0,1,12000,12000,1,1,0,1,"Contamination Mixture","Bias",-0.44205322083134
"700",5,4,0,1,12000,12000,1,1,0,1,"MR-Robust","Bias",-0.442178694278671
"701",5,4,0,1,12000,12000,1,1,0,1,"MR-Lasso","Bias",-0.441073133251042
"702",5,4,0,1,12000,12000,1,1,0,1,"Trans-OR","Bias",-0.0349264333528261
"703",5,4,0,1,12000,12000,1,1,0,1,"Trans-IPW","Bias",-0.0476878730330909
"704",5,4,0,1,12000,12000,1,1,0,1,"Trans-AIPW","Bias",-0.0476878730330961
"705",5,4,0,1,12000,12000,1,1,0,1,"IVW","SD",0.027055623825311
"706",5,4,0,1,12000,12000,1,1,0,1,"Egger","SD",0.203562423818323
"707",5,4,0,1,12000,12000,1,1,0,1,"Weighted median","SD",0.0361841353935212
"708",5,4,0,1,12000,12000,1,1,0,1,"Weighted mode","SD",0.0419647975180635
"709",5,4,0,1,12000,12000,1,1,0,1,"MR-RAPS","SD",0.0312409118963789
"710",5,4,0,1,12000,12000,1,1,0,1,"Contamination Mixture","SD",0.027616192236279
"711",5,4,0,1,12000,12000,1,1,0,1,"MR-Robust","SD",0.0278292388033829
"712",5,4,0,1,12000,12000,1,1,0,1,"MR-Lasso","SD",0.027055623825311
"713",5,4,0,1,12000,12000,1,1,0,1,"Trans-OR","SD",0.0286518517719432
"714",5,4,0,1,12000,12000,1,1,0,1,"Trans-IPW","SD",0.00977705665174431
"715",5,4,0,1,12000,12000,1,1,0,1,"Trans-AIPW","SD",0.00977705665175033
"716",5,4,0,1,12000,12000,1,1,0,1,"IVW","MSE",0.195277515656468
"717",5,4,0,1,12000,12000,1,1,0,1,"Egger","MSE",0.100326194224537
"718",5,4,0,1,12000,12000,1,1,0,1,"Weighted median","MSE",0.200713208218514
"719",5,4,0,1,12000,12000,1,1,0,1,"Weighted mode","MSE",0.203448099098295
"720",5,4,0,1,12000,12000,1,1,0,1,"MR-RAPS","MSE",0.197870591514983
"721",5,4,0,1,12000,12000,1,1,0,1,"Contamination Mixture","MSE",0.196173704120993
"722",5,4,0,1,12000,12000,1,1,0,1,"MR-Robust","MSE",0.196296464206367
"723",5,4,0,1,12000,12000,1,1,0,1,"MR-Lasso","MSE",0.195277515656468
"724",5,4,0,1,12000,12000,1,1,0,1,"Trans-OR","MSE",0.00204078435671081
"725",5,4,0,1,12000,12000,1,1,0,1,"Trans-IPW","MSE",0.00236972407119161
"726",5,4,0,1,12000,12000,1,1,0,1,"Trans-AIPW","MSE",0.00236972407119222
"727",5,6,0,1,12000,12000,1,1,0,1,"IVW","Bias",-0.430368871322299
"728",5,6,0,1,12000,12000,1,1,0,1,"Egger","Bias",-0.294563095095916
"729",5,6,0,1,12000,12000,1,1,0,1,"Weighted median","Bias",-0.4281563654322
"730",5,6,0,1,12000,12000,1,1,0,1,"Weighted mode","Bias",-0.424975710635257
"731",5,6,0,1,12000,12000,1,1,0,1,"MR-RAPS","Bias",-0.430826442309696
"732",5,6,0,1,12000,12000,1,1,0,1,"Contamination Mixture","Bias",-0.43005322083134
"733",5,6,0,1,12000,12000,1,1,0,1,"MR-Robust","Bias",-0.432475661203502
"734",5,6,0,1,12000,12000,1,1,0,1,"MR-Lasso","Bias",-0.430368871322299
"735",5,6,0,1,12000,12000,1,1,0,1,"Trans-OR","Bias",-0.0393694405849127
"736",5,6,0,1,12000,12000,1,1,0,1,"Trans-IPW","Bias",-0.0475093555748153
"737",5,6,0,1,12000,12000,1,1,0,1,"Trans-AIPW","Bias",-0.0475093555748189
"738",5,6,0,1,12000,12000,1,1,0,1,"IVW","SD",0.0262333683203174
"739",5,6,0,1,12000,12000,1,1,0,1,"Egger","SD",0.15054740686222
"740",5,6,0,1,12000,12000,1,1,0,1,"Weighted median","SD",0.0337401796506313
"741",5,6,0,1,12000,12000,1,1,0,1,"Weighted mode","SD",0.0369781486268574
"742",5,6,0,1,12000,12000,1,1,0,1,"MR-RAPS","SD",0.0280386102442713
"743",5,6,0,1,12000,12000,1,1,0,1,"Contamination Mixture","SD",0.0292405879990271
"744",5,6,0,1,12000,12000,1,1,0,1,"MR-Robust","SD",0.0273843962436468
"745",5,6,0,1,12000,12000,1,1,0,1,"MR-Lasso","SD",0.0262333683203174
"746",5,6,0,1,12000,12000,1,1,0,1,"Trans-OR","SD",0.021434310766527
"747",5,6,0,1,12000,12000,1,1,0,1,"Trans-IPW","SD",0.0209511822988873
"748",5,6,0,1,12000,12000,1,1,0,1,"Trans-AIPW","SD",0.0209511822988901
"749",5,6,0,1,12000,12000,1,1,0,1,"IVW","MSE",0.185905555016659
"750",5,6,0,1,12000,12000,1,1,0,1,"Egger","MSE",0.109431938705424
"751",5,6,0,1,12000,12000,1,1,0,1,"Weighted median","MSE",0.184456272982968
"752",5,6,0,1,12000,12000,1,1,0,1,"Weighted mode","MSE",0.181971738105811
"753",5,6,0,1,12000,12000,1,1,0,1,"MR-RAPS","MSE",0.18639758705766
"754",5,6,0,1,12000,12000,1,1,0,1,"Contamination Mixture","MSE",0.185800784733938
"755",5,6,0,1,12000,12000,1,1,0,1,"MR-Robust","MSE",0.187785102691035
"756",5,6,0,1,12000,12000,1,1,0,1,"MR-Lasso","MSE",0.185905555016659
"757",5,6,0,1,12000,12000,1,1,0,1,"Trans-OR","MSE",0.00200938253000502
"758",5,6,0,1,12000,12000,1,1,0,1,"Trans-IPW","MSE",0.00269609090685544
"759",5,6,0,1,12000,12000,1,1,0,1,"Trans-AIPW","MSE",0.00269609090685591
"760",5,8,0,1,12000,12000,1,1,0,1,"IVW","Bias",-0.418858583848802
"761",5,8,0,1,12000,12000,1,1,0,1,"Egger","Bias",-0.341284645731917
"762",5,8,0,1,12000,12000,1,1,0,1,"Weighted median","Bias",-0.423354374552021
"763",5,8,0,1,12000,12000,1,1,0,1,"Weighted mode","Bias",-0.426206134450325
"764",5,8,0,1,12000,12000,1,1,0,1,"MR-RAPS","Bias",-0.417888671323348
"765",5,8,0,1,12000,12000,1,1,0,1,"Contamination Mixture","Bias",-0.41805322083134
"766",5,8,0,1,12000,12000,1,1,0,1,"MR-Robust","Bias",-0.420561914896601
"767",5,8,0,1,12000,12000,1,1,0,1,"MR-Lasso","Bias",-0.418858583848802
"768",5,8,0,1,12000,12000,1,1,0,1,"Trans-OR","Bias",-0.0365856581319233
"769",5,8,0,1,12000,12000,1,1,0,1,"Trans-IPW","Bias",-0.0411625651132781
"770",5,8,0,1,12000,12000,1,1,0,1,"Trans-AIPW","Bias",-0.0411625651132807
"771",5,8,0,1,12000,12000,1,1,0,1,"IVW","SD",0.0189192017166894
"772",5,8,0,1,12000,12000,1,1,0,1,"Egger","SD",0.0797039001167886
"773",5,8,0,1,12000,12000,1,1,0,1,"Weighted median","SD",0.0205190053783141
"774",5,8,0,1,12000,12000,1,1,0,1,"Weighted mode","SD",0.0366178596368207
"775",5,8,0,1,12000,12000,1,1,0,1,"MR-RAPS","SD",0.0191348721580555
"776",5,8,0,1,12000,12000,1,1,0,1,"Contamination Mixture","SD",0.0188417550743663
"777",5,8,0,1,12000,12000,1,1,0,1,"MR-Robust","SD",0.017881566133447
"778",5,8,0,1,12000,12000,1,1,0,1,"MR-Lasso","SD",0.0189192017166893
"779",5,8,0,1,12000,12000,1,1,0,1,"Trans-OR","SD",0.0287473690955433
"780",5,8,0,1,12000,12000,1,1,0,1,"Trans-IPW","SD",0.030177191437949
"781",5,8,0,1,12000,12000,1,1,0,1,"Trans-AIPW","SD",0.030177191437951
"782",5,8,0,1,12000,12000,1,1,0,1,"IVW","MSE",0.17580044945742
"783",5,8,0,1,12000,12000,1,1,0,1,"Egger","MSE",0.122827921106187
"784",5,8,0,1,12000,12000,1,1,0,1,"Weighted median","MSE",0.179649956034048
"785",5,8,0,1,12000,12000,1,1,0,1,"Weighted mode","MSE",0.18299253668747
"786",5,8,0,1,12000,12000,1,1,0,1,"MR-RAPS","MSE",0.174997084952898
"787",5,8,0,1,12000,12000,1,1,0,1,"Contamination Mixture","MSE",0.17512350718174
"788",5,8,0,1,12000,12000,1,1,0,1,"MR-Robust","MSE",0.177192074668881
"789",5,8,0,1,12000,12000,1,1,0,1,"MR-Lasso","MSE",0.17580044945742
"790",5,8,0,1,12000,12000,1,1,0,1,"Trans-OR","MSE",0.00216492161086137
"791",5,8,0,1,12000,12000,1,1,0,1,"Trans-IPW","MSE",0.00260501964978749
"792",5,8,0,1,12000,12000,1,1,0,1,"Trans-AIPW","MSE",0.00260501964978782
"793",5,10,0,1,12000,12000,1,1,0,1,"IVW","Bias",-0.421908873303599
"794",5,10,0,1,12000,12000,1,1,0,1,"Egger","Bias",-0.361254394525764
"795",5,10,0,1,12000,12000,1,1,0,1,"Weighted median","Bias",-0.420517511587431
"796",5,10,0,1,12000,12000,1,1,0,1,"Weighted mode","Bias",-0.422367074351486
"797",5,10,0,1,12000,12000,1,1,0,1,"MR-RAPS","Bias",-0.419400404507356
"798",5,10,0,1,12000,12000,1,1,0,1,"Contamination Mixture","Bias",-0.42095448383309
"799",5,10,0,1,12000,12000,1,1,0,1,"MR-Robust","Bias",-0.422191696194804
"800",5,10,0,1,12000,12000,1,1,0,1,"MR-Lasso","Bias",-0.421908873303599
"801",5,10,0,1,12000,12000,1,1,0,1,"Trans-OR","Bias",-0.0366804063548649
"802",5,10,0,1,12000,12000,1,1,0,1,"Trans-IPW","Bias",-0.0360192702876474
"803",5,10,0,1,12000,12000,1,1,0,1,"Trans-AIPW","Bias",-0.0360192702876497
"804",5,10,0,1,12000,12000,1,1,0,1,"IVW","SD",0.00854958258083443
"805",5,10,0,1,12000,12000,1,1,0,1,"Egger","SD",0.091988775822492
"806",5,10,0,1,12000,12000,1,1,0,1,"Weighted median","SD",0.0197077255460817
"807",5,10,0,1,12000,12000,1,1,0,1,"Weighted mode","SD",0.0318593839205801
"808",5,10,0,1,12000,12000,1,1,0,1,"MR-RAPS","SD",0.0110812890287207
"809",5,10,0,1,12000,12000,1,1,0,1,"Contamination Mixture","SD",0.00945080298814456
"810",5,10,0,1,12000,12000,1,1,0,1,"MR-Robust","SD",0.0103761872428283
"811",5,10,0,1,12000,12000,1,1,0,1,"MR-Lasso","SD",0.00854958258083445
"812",5,10,0,1,12000,12000,1,1,0,1,"Trans-OR","SD",0.0384712241077649
"813",5,10,0,1,12000,12000,1,1,0,1,"Trans-IPW","SD",0.0359832138551053
"814",5,10,0,1,12000,12000,1,1,0,1,"Trans-AIPW","SD",0.0359832138551065
"815",5,10,0,1,12000,12000,1,1,0,1,"IVW","MSE",0.178080192734618
"816",5,10,0,1,12000,12000,1,1,0,1,"Egger","MSE",0.138966672441497
"817",5,10,0,1,12000,12000,1,1,0,1,"Weighted median","MSE",0.177223371997885
"818",5,10,0,1,12000,12000,1,1,0,1,"Weighted mode","MSE",0.179408965840033
"819",5,10,0,1,12000,12000,1,1,0,1,"MR-RAPS","MSE",0.176019494267472
"820",5,10,0,1,12000,12000,1,1,0,1,"Contamination Mixture","MSE",0.177291995136304
"821",5,10,0,1,12000,12000,1,1,0,1,"MR-Robust","MSE",0.178353493597544
"822",5,10,0,1,12000,12000,1,1,0,1,"MR-Lasso","MSE",0.178080192734618
"823",5,10,0,1,12000,12000,1,1,0,1,"Trans-OR","MSE",0.00282548729470788
"824",5,10,0,1,12000,12000,1,1,0,1,"Trans-IPW","MSE",0.00259217951139684
"825",5,10,0,1,12000,12000,1,1,0,1,"Trans-AIPW","MSE",0.0025921795113971
"826",5,12,0,1,12000,12000,1,1,0,1,"IVW","Bias",-0.424451445227876
"827",5,12,0,1,12000,12000,1,1,0,1,"Egger","Bias",-0.377089883231328
"828",5,12,0,1,12000,12000,1,1,0,1,"Weighted median","Bias",-0.424718315367285
"829",5,12,0,1,12000,12000,1,1,0,1,"Weighted mode","Bias",-0.424150938832767
"830",5,12,0,1,12000,12000,1,1,0,1,"MR-RAPS","Bias",-0.421723636669268
"831",5,12,0,1,12000,12000,1,1,0,1,"Contamination Mixture","Bias",-0.42495448383309
"832",5,12,0,1,12000,12000,1,1,0,1,"MR-Robust","Bias",-0.424639584378533
"833",5,12,0,1,12000,12000,1,1,0,1,"MR-Lasso","Bias",-0.424451445227876
"834",5,12,0,1,12000,12000,1,1,0,1,"Trans-OR","Bias",-0.0367337180254029
"835",5,12,0,1,12000,12000,1,1,0,1,"Trans-IPW","Bias",-0.0366053289895957
"836",5,12,0,1,12000,12000,1,1,0,1,"Trans-AIPW","Bias",-0.0366053289895977
"837",5,12,0,1,12000,12000,1,1,0,1,"IVW","SD",0.0081277186003712
"838",5,12,0,1,12000,12000,1,1,0,1,"Egger","SD",0.0609170731956591
"839",5,12,0,1,12000,12000,1,1,0,1,"Weighted median","SD",0.0170658919127035
"840",5,12,0,1,12000,12000,1,1,0,1,"Weighted mode","SD",0.0331665345323504
"841",5,12,0,1,12000,12000,1,1,0,1,"MR-RAPS","SD",0.0105298167255884
"842",5,12,0,1,12000,12000,1,1,0,1,"Contamination Mixture","SD",0.00828679158801792
"843",5,12,0,1,12000,12000,1,1,0,1,"MR-Robust","SD",0.009923585010182
"844",5,12,0,1,12000,12000,1,1,0,1,"MR-Lasso","SD",0.00812771860037122
"845",5,12,0,1,12000,12000,1,1,0,1,"Trans-OR","SD",0.0343972341359381
"846",5,12,0,1,12000,12000,1,1,0,1,"Trans-IPW","SD",0.0340779449974205
"847",5,12,0,1,12000,12000,1,1,0,1,"Trans-AIPW","SD",0.0340779449974215
"848",5,12,0,1,12000,12000,1,1,0,1,"IVW","MSE",0.180225089165679
"849",5,12,0,1,12000,12000,1,1,0,1,"Egger","MSE",0.145907669842142
"850",5,12,0,1,12000,12000,1,1,0,1,"Weighted median","MSE",0.1806768920752
"851",5,12,0,1,12000,12000,1,1,0,1,"Weighted mode","MSE",0.181004037925603
"852",5,12,0,1,12000,12000,1,1,0,1,"MR-RAPS","MSE",0.177961702765828
"853",5,12,0,1,12000,12000,1,1,0,1,"Contamination Mixture","MSE",0.180654984244671
"854",5,12,0,1,12000,12000,1,1,0,1,"MR-Robust","MSE",0.180417254160628
"855",5,12,0,1,12000,12000,1,1,0,1,"MR-Lasso","MSE",0.180225089165679
"856",5,12,0,1,12000,12000,1,1,0,1,"Trans-OR","MSE",0.00253253575617236
"857",5,12,0,1,12000,12000,1,1,0,1,"Trans-IPW","MSE",0.00250125644568376
"858",5,12,0,1,12000,12000,1,1,0,1,"Trans-AIPW","MSE",0.00250125644568397
"859",5,15,0,1,12000,12000,1,1,0,1,"IVW","Bias",-0.419994972124493
"860",5,15,0,1,12000,12000,1,1,0,1,"Egger","Bias",-0.371027732565878
"861",5,15,0,1,12000,12000,1,1,0,1,"Weighted median","Bias",-0.419081193422783
"862",5,15,0,1,12000,12000,1,1,0,1,"Weighted mode","Bias",-0.408431566325558
"863",5,15,0,1,12000,12000,1,1,0,1,"MR-RAPS","Bias",-0.417072181023815
"864",5,15,0,1,12000,12000,1,1,0,1,"Contamination Mixture","Bias",-0.41895448383309
"865",5,15,0,1,12000,12000,1,1,0,1,"MR-Robust","Bias",-0.419894312476205
"866",5,15,0,1,12000,12000,1,1,0,1,"MR-Lasso","Bias",-0.419994972124493
"867",5,15,0,1,12000,12000,1,1,0,1,"Trans-OR","Bias",-0.0334995703731571
"868",5,15,0,1,12000,12000,1,1,0,1,"Trans-IPW","Bias",-0.0327794919839301
"869",5,15,0,1,12000,12000,1,1,0,1,"Trans-AIPW","Bias",-0.0327794919839314
"870",5,15,0,1,12000,12000,1,1,0,1,"IVW","SD",0.00715993209948849
"871",5,15,0,1,12000,12000,1,1,0,1,"Egger","SD",0.0658983801713273
"872",5,15,0,1,12000,12000,1,1,0,1,"Weighted median","SD",0.0198816854578174
"873",5,15,0,1,12000,12000,1,1,0,1,"Weighted mode","SD",0.0276029536050269
"874",5,15,0,1,12000,12000,1,1,0,1,"MR-RAPS","SD",0.00909288468732842
"875",5,15,0,1,12000,12000,1,1,0,1,"Contamination Mixture","SD",0.00536142527326659
"876",5,15,0,1,12000,12000,1,1,0,1,"MR-Robust","SD",0.00866276343939104
"877",5,15,0,1,12000,12000,1,1,0,1,"MR-Lasso","SD",0.00715993209948849
"878",5,15,0,1,12000,12000,1,1,0,1,"Trans-OR","SD",0.0300556235352799
"879",5,15,0,1,12000,12000,1,1,0,1,"Trans-IPW","SD",0.0308961080456628
"880",5,15,0,1,12000,12000,1,1,0,1,"Trans-AIPW","SD",0.0308961080456636
"881",5,15,0,1,12000,12000,1,1,0,1,"IVW","MSE",0.176447041237523
"882",5,15,0,1,12000,12000,1,1,0,1,"Egger","MSE",0.142004174842181
"883",5,15,0,1,12000,12000,1,1,0,1,"Weighted median","MSE",0.176024328097307
"884",5,15,0,1,12000,12000,1,1,0,1,"Weighted mode","MSE",0.16757826741887
"885",5,15,0,1,12000,12000,1,1,0,1,"MR-RAPS","MSE",0.174031884735899
"886",5,15,0,1,12000,12000,1,1,0,1,"Contamination Mixture","MSE",0.175551604404812
"887",5,15,0,1,12000,12000,1,1,0,1,"MR-Robust","MSE",0.176386277120272
"888",5,15,0,1,12000,12000,1,1,0,1,"MR-Lasso","MSE",0.176447041237523
"889",5,15,0,1,12000,12000,1,1,0,1,"Trans-OR","MSE",0.00202556172128058
"890",5,15,0,1,12000,12000,1,1,0,1,"Trans-IPW","MSE",0.00202906458709381
"891",5,15,0,1,12000,12000,1,1,0,1,"Trans-AIPW","MSE",0.00202906458709394
"892",5,3,0.2,1,12000,12000,1,1,0,1,"IVW","Bias",-0.40691378535318
"893",5,3,0.2,1,12000,12000,1,1,0,1,"Egger","Bias",-0.328280523550006
"894",5,3,0.2,1,12000,12000,1,1,0,1,"Weighted median","Bias",-0.404040800289962
"895",5,3,0.2,1,12000,12000,1,1,0,1,"Weighted mode","Bias",-0.40137627267887
"896",5,3,0.2,1,12000,12000,1,1,0,1,"MR-RAPS","Bias",-0.406535883063905
"897",5,3,0.2,1,12000,12000,1,1,0,1,"Contamination Mixture","Bias",-0.406248028840916
"898",5,3,0.2,1,12000,12000,1,1,0,1,"MR-Robust","Bias",-0.406661313314312
"899",5,3,0.2,1,12000,12000,1,1,0,1,"MR-Lasso","Bias",-0.40691378535318
"900",5,3,0.2,1,12000,12000,1,1,0,1,"Trans-OR","Bias",0.00464120338813316
"901",5,3,0.2,1,12000,12000,1,1,0,1,"Trans-IPW","Bias",0.00240035483089651
"902",5,3,0.2,1,12000,12000,1,1,0,1,"Trans-AIPW","Bias",0.00240035483089644
"903",5,3,0.2,1,12000,12000,1,1,0,1,"IVW","SD",0.0102738092373024
"904",5,3,0.2,1,12000,12000,1,1,0,1,"Egger","SD",0.0414598839582061
"905",5,3,0.2,1,12000,12000,1,1,0,1,"Weighted median","SD",0.010011494899316
"906",5,3,0.2,1,12000,12000,1,1,0,1,"Weighted mode","SD",0.00841801316934593
"907",5,3,0.2,1,12000,12000,1,1,0,1,"MR-RAPS","SD",0.0106779719468094
"908",5,3,0.2,1,12000,12000,1,1,0,1,"Contamination Mixture","SD",0.00711102226485817
"909",5,3,0.2,1,12000,12000,1,1,0,1,"MR-Robust","SD",0.0102348794759671
"910",5,3,0.2,1,12000,12000,1,1,0,1,"MR-Lasso","SD",0.0102738092373023
"911",5,3,0.2,1,12000,12000,1,1,0,1,"Trans-OR","SD",0.00560942646745992
"912",5,3,0.2,1,12000,12000,1,1,0,1,"Trans-IPW","SD",0.0123534413900131
"913",5,3,0.2,1,12000,12000,1,1,0,1,"Trans-AIPW","SD",0.012353441390013
"914",5,3,0.2,1,12000,12000,1,1,0,1,"IVW","MSE",0.165684379866698
"915",5,3,0.2,1,12000,12000,1,1,0,1,"Egger","MSE",0.109487024120094
"916",5,3,0.2,1,12000,12000,1,1,0,1,"Weighted median","MSE",0.163349198329072
"917",5,3,0.2,1,12000,12000,1,1,0,1,"Weighted mode","MSE",0.161173775215302
"918",5,3,0.2,1,12000,12000,1,1,0,1,"MR-RAPS","MSE",0.165385443303446
"919",5,3,0.2,1,12000,12000,1,1,0,1,"Contamination Mixture","MSE",0.165088027574781
"920",5,3,0.2,1,12000,12000,1,1,0,1,"MR-Robust","MSE",0.165478176504408
"921",5,3,0.2,1,12000,12000,1,1,0,1,"MR-Lasso","MSE",0.165684379866698
"922",5,3,0.2,1,12000,12000,1,1,0,1,"Trans-OR","MSE",5.30064341838586e-05
"923",5,3,0.2,1,12000,12000,1,1,0,1,"Trans-IPW","MSE",0.000158369217490696
"924",5,3,0.2,1,12000,12000,1,1,0,1,"Trans-AIPW","MSE",0.000158369217490694
"925",5,3,0.4,1,12000,12000,1,1,0,1,"IVW","Bias",-0.404647215930195
"926",5,3,0.4,1,12000,12000,1,1,0,1,"Egger","Bias",-0.327736062652911
"927",5,3,0.4,1,12000,12000,1,1,0,1,"Weighted median","Bias",-0.401781204013901
"928",5,3,0.4,1,12000,12000,1,1,0,1,"Weighted mode","Bias",-0.398909923542634
"929",5,3,0.4,1,12000,12000,1,1,0,1,"MR-RAPS","Bias",-0.404240279301917
"930",5,3,0.4,1,12000,12000,1,1,0,1,"Contamination Mixture","Bias",-0.405396800253439
"931",5,3,0.4,1,12000,12000,1,1,0,1,"MR-Robust","Bias",-0.404389146183062
"932",5,3,0.4,1,12000,12000,1,1,0,1,"MR-Lasso","Bias",-0.404647215930195
"933",5,3,0.4,1,12000,12000,1,1,0,1,"Trans-OR","Bias",0.00651186538335677
"934",5,3,0.4,1,12000,12000,1,1,0,1,"Trans-IPW","Bias",0.00472181021956675
"935",5,3,0.4,1,12000,12000,1,1,0,1,"Trans-AIPW","Bias",0.00472181021956681
"936",5,3,0.4,1,12000,12000,1,1,0,1,"IVW","SD",0.0102878095339895
"937",5,3,0.4,1,12000,12000,1,1,0,1,"Egger","SD",0.0416010990795681
"938",5,3,0.4,1,12000,12000,1,1,0,1,"Weighted median","SD",0.0101030627381337
"939",5,3,0.4,1,12000,12000,1,1,0,1,"Weighted mode","SD",0.00846957829741377
"940",5,3,0.4,1,12000,12000,1,1,0,1,"MR-RAPS","SD",0.0107207251748522
"941",5,3,0.4,1,12000,12000,1,1,0,1,"Contamination Mixture","SD",0.0103243136141171
"942",5,3,0.4,1,12000,12000,1,1,0,1,"MR-Robust","SD",0.0102487220574548
"943",5,3,0.4,1,12000,12000,1,1,0,1,"MR-Lasso","SD",0.0102878095339896
"944",5,3,0.4,1,12000,12000,1,1,0,1,"Trans-OR","SD",0.00518803814114425
"945",5,3,0.4,1,12000,12000,1,1,0,1,"Trans-IPW","SD",0.0123937202338637
"946",5,3,0.4,1,12000,12000,1,1,0,1,"Trans-AIPW","SD",0.0123937202338637
"947",5,3,0.4,1,12000,12000,1,1,0,1,"IVW","MSE",0.163845208385066
"948",5,3,0.4,1,12000,12000,1,1,0,1,"Egger","MSE",0.109141578207861
"949",5,3,0.4,1,12000,12000,1,1,0,1,"Weighted median","MSE",0.161530207775551
"950",5,3,0.4,1,12000,12000,1,1,0,1,"Weighted mode","MSE",0.159200860857326
"951",5,3,0.4,1,12000,12000,1,1,0,1,"MR-RAPS","MSE",0.163525137358367
"952",5,3,0.4,1,12000,12000,1,1,0,1,"Contamination Mixture","MSE",0.16445315710733
"953",5,3,0.4,1,12000,12000,1,1,0,1,"MR-Robust","MSE",0.163635617854476
"954",5,3,0.4,1,12000,12000,1,1,0,1,"MR-Lasso","MSE",0.163845208385066
"955",5,3,0.4,1,12000,12000,1,1,0,1,"Trans-OR","MSE",6.93201305249277e-05
"956",5,3,0.4,1,12000,12000,1,1,0,1,"Trans-IPW","MSE",0.000175899792984887
"957",5,3,0.4,1,12000,12000,1,1,0,1,"Trans-AIPW","MSE",0.000175899792984887
"958",5,3,0.6,1,12000,12000,1,1,0,1,"IVW","Bias",-0.40238052087456
"959",5,3,0.6,1,12000,12000,1,1,0,1,"Egger","Bias",-0.327190918372827
"960",5,3,0.6,1,12000,12000,1,1,0,1,"Weighted median","Bias",-0.399521834421937
"961",5,3,0.6,1,12000,12000,1,1,0,1,"Weighted mode","Bias",-0.396676462248259
"962",5,3,0.6,1,12000,12000,1,1,0,1,"MR-RAPS","Bias",-0.401944325934308
"963",5,3,0.6,1,12000,12000,1,1,0,1,"Contamination Mixture","Bias",-0.402545685053447
"964",5,3,0.6,1,12000,12000,1,1,0,1,"MR-Robust","Bias",-0.402115960509626
"965",5,3,0.6,1,12000,12000,1,1,0,1,"MR-Lasso","Bias",-0.40238052087456
"966",5,3,0.6,1,12000,12000,1,1,0,1,"Trans-OR","Bias",0.0083826068647519
"967",5,3,0.6,1,12000,12000,1,1,0,1,"Trans-IPW","Bias",0.00704356054591067
"968",5,3,0.6,1,12000,12000,1,1,0,1,"Trans-AIPW","Bias",0.00704356054591078
"969",5,3,0.6,1,12000,12000,1,1,0,1,"IVW","SD",0.0103019952614554
"970",5,3,0.6,1,12000,12000,1,1,0,1,"Egger","SD",0.0417427458412534
"971",5,3,0.6,1,12000,12000,1,1,0,1,"Weighted median","SD",0.0101951294584075
"972",5,3,0.6,1,12000,12000,1,1,0,1,"Weighted mode","SD",0.00846471271865656
"973",5,3,0.6,1,12000,12000,1,1,0,1,"MR-RAPS","SD",0.0107636602128261
"974",5,3,0.6,1,12000,12000,1,1,0,1,"Contamination Mixture","SD",0.0103288694043603
"975",5,3,0.6,1,12000,12000,1,1,0,1,"MR-Robust","SD",0.0102619710525312
"976",5,3,0.6,1,12000,12000,1,1,0,1,"MR-Lasso","SD",0.0103019952614555
"977",5,3,0.6,1,12000,12000,1,1,0,1,"Trans-OR","SD",0.00477920068825789
"978",5,3,0.6,1,12000,12000,1,1,0,1,"Trans-IPW","SD",0.0124341193722799
"979",5,3,0.6,1,12000,12000,1,1,0,1,"Trans-AIPW","SD",0.0124341193722797
"980",5,3,0.6,1,12000,12000,1,1,0,1,"IVW","MSE",0.162016214685649
"981",5,3,0.6,1,12000,12000,1,1,0,1,"Egger","MSE",0.108796353896022
"982",5,3,0.6,1,12000,12000,1,1,0,1,"Weighted median","MSE",0.159721636844543
"983",5,3,0.6,1,12000,12000,1,1,0,1,"Weighted mode","MSE",0.157423867063204
"984",5,3,0.6,1,12000,12000,1,1,0,1,"MR-RAPS","MSE",0.161675097531962
"985",5,3,0.6,1,12000,12000,1,1,0,1,"Contamination Mixture","MSE",0.162149714098321
"986",5,3,0.6,1,12000,12000,1,1,0,1,"MR-Robust","MSE",0.161802553746462
"987",5,3,0.6,1,12000,12000,1,1,0,1,"MR-Lasso","MSE",0.162016214685649
"988",5,3,0.6,1,12000,12000,1,1,0,1,"Trans-OR","MSE",9.31088570676303e-05
"989",5,3,0.6,1,12000,12000,1,1,0,1,"Trans-IPW","MSE",0.000204219069728017
"990",5,3,0.6,1,12000,12000,1,1,0,1,"Trans-AIPW","MSE",0.000204219069728013
"991",5,3,0.8,1,12000,12000,1,1,0,1,"IVW","Bias",-0.400113699511241
"992",5,3,0.8,1,12000,12000,1,1,0,1,"Egger","Bias",-0.326645089005895
"993",5,3,0.8,1,12000,12000,1,1,0,1,"Weighted median","Bias",-0.397262692173055
"994",5,3,0.8,1,12000,12000,1,1,0,1,"Weighted mode","Bias",-0.394364488056363
"995",5,3,0.8,1,12000,12000,1,1,0,1,"MR-RAPS","Bias",-0.399648024011792
"996",5,3,0.8,1,12000,12000,1,1,0,1,"Contamination Mixture","Bias",-0.39969468289425
"997",5,3,0.8,1,12000,12000,1,1,0,1,"MR-Robust","Bias",-0.399841580040483
"998",5,3,0.8,1,12000,12000,1,1,0,1,"MR-Lasso","Bias",-0.400113699511241
"999",5,3,0.8,1,12000,12000,1,1,0,1,"Trans-OR","Bias",0.00538091070985194
"1000",5,3,0.8,1,12000,12000,1,1,0,1,"Trans-IPW","Bias",0.00611572321680669
"1001",5,3,0.8,1,12000,12000,1,1,0,1,"Trans-AIPW","Bias",0.00611572321680687
"1002",5,3,0.8,1,12000,12000,1,1,0,1,"IVW","SD",0.0103163653759321
"1003",5,3,0.8,1,12000,12000,1,1,0,1,"Egger","SD",0.0418848201804735
"1004",5,3,0.8,1,12000,12000,1,1,0,1,"Weighted median","SD",0.0102876709272173
"1005",5,3,0.8,1,12000,12000,1,1,0,1,"Weighted mode","SD",0.00857620815306662
"1006",5,3,0.8,1,12000,12000,1,1,0,1,"MR-RAPS","SD",0.0108067715481152
"1007",5,3,0.8,1,12000,12000,1,1,0,1,"Contamination Mixture","SD",0.0103337101082453
"1008",5,3,0.8,1,12000,12000,1,1,0,1,"MR-Robust","SD",0.0102744951393053
"1009",5,3,0.8,1,12000,12000,1,1,0,1,"MR-Lasso","SD",0.0103163653759321
"1010",5,3,0.8,1,12000,12000,1,1,0,1,"Trans-OR","SD",0.00986960588643392
"1011",5,3,0.8,1,12000,12000,1,1,0,1,"Trans-IPW","SD",0.0100117588016446
"1012",5,3,0.8,1,12000,12000,1,1,0,1,"Trans-AIPW","SD",0.0100117588016445
"1013",5,3,0.8,1,12000,12000,1,1,0,1,"IVW","MSE",0.160197399931142
"1014",5,3,0.8,1,12000,12000,1,1,0,1,"Egger","MSE",0.10845135233322
"1015",5,3,0.8,1,12000,12000,1,1,0,1,"Weighted median","MSE",0.15792348276569
"1016",5,3,0.8,1,12000,12000,1,1,0,1,"Weighted mode","MSE",0.155596900786242
"1017",5,3,0.8,1,12000,12000,1,1,0,1,"MR-RAPS","MSE",0.159835329407823
"1018",5,3,0.8,1,12000,12000,1,1,0,1,"Contamination Mixture","MSE",0.159862625098536
"1019",5,3,0.8,1,12000,12000,1,1,0,1,"MR-Robust","MSE",0.159978854379637
"1020",5,3,0.8,1,12000,12000,1,1,0,1,"MR-Lasso","MSE",0.160197399931142
"1021",5,3,0.8,1,12000,12000,1,1,0,1,"Trans-OR","MSE",0.00012636332042093
"1022",5,3,0.8,1,12000,12000,1,1,0,1,"Trans-IPW","MSE",0.000137637384766897
"1023",5,3,0.8,1,12000,12000,1,1,0,1,"Trans-AIPW","MSE",0.000137637384766897
"1024",5,3,1,1,12000,12000,1,1,0,1,"IVW","Bias",-0.397846751177519
"1025",5,3,1,1,12000,12000,1,1,0,1,"Egger","Bias",-0.326098572892863
"1026",5,3,1,1,12000,12000,1,1,0,1,"Weighted median","Bias",-0.395003777890055
"1027",5,3,1,1,12000,12000,1,1,0,1,"Weighted mode","Bias",-0.392146340271992
"1028",5,3,1,1,12000,12000,1,1,0,1,"MR-RAPS","Bias",-0.397351374517299
"1029",5,3,1,1,12000,12000,1,1,0,1,"Contamination Mixture","Bias",-0.398843793429635
"1030",5,3,1,1,12000,12000,1,1,0,1,"MR-Robust","Bias",-0.397565806896178
"1031",5,3,1,1,12000,12000,1,1,0,1,"MR-Lasso","Bias",-0.397846751177519
"1032",5,3,1,1,12000,12000,1,1,0,1,"Trans-OR","Bias",0.0072383320110762
"1033",5,3,1,1,12000,12000,1,1,0,1,"Trans-IPW","Bias",0.00477286989008159
"1034",5,3,1,1,12000,12000,1,1,0,1,"Trans-AIPW","Bias",0.00477286989008148
"1035",5,3,1,1,12000,12000,1,1,0,1,"IVW","SD",0.010330918828975
"1036",5,3,1,1,12000,12000,1,1,0,1,"Egger","SD",0.0420273180714629
"1037",5,3,1,1,12000,12000,1,1,0,1,"Weighted median","SD",0.0103806638982594
"1038",5,3,1,1,12000,12000,1,1,0,1,"Weighted mode","SD",0.00854911903443828
"1039",5,3,1,1,12000,12000,1,1,0,1,"MR-RAPS","SD",0.0108500537883904
"1040",5,3,1,1,12000,12000,1,1,0,1,"Contamination Mixture","SD",0.0120689934167706
"1041",5,3,1,1,12000,12000,1,1,0,1,"MR-Robust","SD",0.0102861515605704
"1042",5,3,1,1,12000,12000,1,1,0,1,"MR-Lasso","SD",0.010330918828975
"1043",5,3,1,1,12000,12000,1,1,0,1,"Trans-OR","SD",0.00997487204007347
"1044",5,3,1,1,12000,12000,1,1,0,1,"Trans-IPW","SD",0.0128071301997914
"1045",5,3,1,1,12000,12000,1,1,0,1,"Trans-AIPW","SD",0.0128071301997912
"1046",5,3,1,1,12000,12000,1,1,0,1,"IVW","MSE",0.158388765306358
"1047",5,3,1,1,12000,12000,1,1,0,1,"Egger","MSE",0.108106574707042
"1048",5,3,1,1,12000,12000,1,1,0,1,"Weighted median","MSE",0.156135742730384
"1049",5,3,1,1,12000,12000,1,1,0,1,"Weighted mode","MSE",0.153851839624982
"1050",5,3,1,1,12000,12000,1,1,0,1,"MR-RAPS","MSE",0.158005838497998
"1051",5,3,1,1,12000,12000,1,1,0,1,"Contamination Mixture","MSE",0.159222032159435
"1052",5,3,1,1,12000,12000,1,1,0,1,"MR-Robust","MSE",0.158164375726936
"1053",5,3,1,1,12000,12000,1,1,0,1,"MR-Lasso","MSE",0.158388765306358
"1054",5,3,1,1,12000,12000,1,1,0,1,"Trans-OR","MSE",0.00015189152251841
"1055",5,3,1,1,12000,12000,1,1,0,1,"Trans-IPW","MSE",0.000186802870942055
"1056",5,3,1,1,12000,12000,1,1,0,1,"Trans-AIPW","MSE",0.00018680287094205
